sample-id	forward-absolute-filepath	reverse-absolute-filepath
P1	<KMD_ROOT>/__restructured_16-05-2026/raw_reads/P1_S59_L001_R1_001.fastq.gz	<KMD_ROOT>/__restructured_16-05-2026/raw_reads/P1_S59_L001_R2_001.fastq.gz
P2	<KMD_ROOT>/__restructured_16-05-2026/raw_reads/P2_S60_L001_R1_001.fastq.gz	<KMD_ROOT>/__restructured_16-05-2026/raw_reads/P2_S60_L001_R2_001.fastq.gz
P3	<KMD_ROOT>/__restructured_16-05-2026/raw_reads/P3_S61_L001_R1_001.fastq.gz	<KMD_ROOT>/__restructured_16-05-2026/raw_reads/P3_S61_L001_R2_001.fastq.gz
P4	<KMD_ROOT>/__restructured_16-05-2026/raw_reads/P4_S62_L001_R1_001.fastq.gz	<KMD_ROOT>/__restructured_16-05-2026/raw_reads/P4_S62_L001_R2_001.fastq.gz
P5	<KMD_ROOT>/__restructured_16-05-2026/raw_reads/P5_S63_L001_R1_001.fastq.gz	<KMD_ROOT>/__restructured_16-05-2026/raw_reads/P5_S63_L001_R2_001.fastq.gz
P7	<KMD_ROOT>/__restructured_16-05-2026/raw_reads/P7_S65_L001_R1_001.fastq.gz	<KMD_ROOT>/__restructured_16-05-2026/raw_reads/P7_S65_L001_R2_001.fastq.gz
P8	<KMD_ROOT>/__restructured_16-05-2026/raw_reads/P8_S66_L001_R1_001.fastq.gz	<KMD_ROOT>/__restructured_16-05-2026/raw_reads/P8_S66_L001_R2_001.fastq.gz
P9	<KMD_ROOT>/__restructured_16-05-2026/raw_reads/P9_S67_L001_R1_001.fastq.gz	<KMD_ROOT>/__restructured_16-05-2026/raw_reads/P9_S67_L001_R2_001.fastq.gz
P10	<KMD_ROOT>/__restructured_16-05-2026/raw_reads/P10_S68_L001_R1_001.fastq.gz	<KMD_ROOT>/__restructured_16-05-2026/raw_reads/P10_S68_L001_R2_001.fastq.gz
P11	<KMD_ROOT>/__restructured_16-05-2026/raw_reads/P11_S69_L001_R1_001.fastq.gz	<KMD_ROOT>/__restructured_16-05-2026/raw_reads/P11_S69_L001_R2_001.fastq.gz
P12	<KMD_ROOT>/__restructured_16-05-2026/raw_reads/P12_S70_L001_R1_001.fastq.gz	<KMD_ROOT>/__restructured_16-05-2026/raw_reads/P12_S70_L001_R2_001.fastq.gz
P13	<KMD_ROOT>/__restructured_16-05-2026/raw_reads/P13_S71_L001_R1_001.fastq.gz	<KMD_ROOT>/__restructured_16-05-2026/raw_reads/P13_S71_L001_R2_001.fastq.gz
P14	<KMD_ROOT>/__restructured_16-05-2026/raw_reads/P14_S72_L001_R1_001.fastq.gz	<KMD_ROOT>/__restructured_16-05-2026/raw_reads/P14_S72_L001_R2_001.fastq.gz
P16	<KMD_ROOT>/__restructured_16-05-2026/raw_reads/P16_S74_L001_R1_001.fastq.gz	<KMD_ROOT>/__restructured_16-05-2026/raw_reads/P16_S74_L001_R2_001.fastq.gz
P17	<KMD_ROOT>/__restructured_16-05-2026/raw_reads/P17_S75_L001_R1_001.fastq.gz	<KMD_ROOT>/__restructured_16-05-2026/raw_reads/P17_S75_L001_R2_001.fastq.gz
P18	<KMD_ROOT>/__restructured_16-05-2026/raw_reads/P18_S76_L001_R1_001.fastq.gz	<KMD_ROOT>/__restructured_16-05-2026/raw_reads/P18_S76_L001_R2_001.fastq.gz
P19	<KMD_ROOT>/__restructured_16-05-2026/raw_reads/P19_S77_L001_R1_001.fastq.gz	<KMD_ROOT>/__restructured_16-05-2026/raw_reads/P19_S77_L001_R2_001.fastq.gz
P20	<KMD_ROOT>/__restructured_16-05-2026/raw_reads/P20_S78_L001_R1_001.fastq.gz	<KMD_ROOT>/__restructured_16-05-2026/raw_reads/P20_S78_L001_R2_001.fastq.gz
P21	<KMD_ROOT>/__restructured_16-05-2026/raw_reads/P21_S79_L001_R1_001.fastq.gz	<KMD_ROOT>/__restructured_16-05-2026/raw_reads/P21_S79_L001_R2_001.fastq.gz
P22	<KMD_ROOT>/__restructured_16-05-2026/raw_reads/P22_S80_L001_R1_001.fastq.gz	<KMD_ROOT>/__restructured_16-05-2026/raw_reads/P22_S80_L001_R2_001.fastq.gz
P23	<KMD_ROOT>/__restructured_16-05-2026/raw_reads/P23_S81_L001_R1_001.fastq.gz	<KMD_ROOT>/__restructured_16-05-2026/raw_reads/P23_S81_L001_R2_001.fastq.gz
P25	<KMD_ROOT>/__restructured_16-05-2026/raw_reads/P25_S83_L001_R1_001.fastq.gz	<KMD_ROOT>/__restructured_16-05-2026/raw_reads/P25_S83_L001_R2_001.fastq.gz
P26	<KMD_ROOT>/__restructured_16-05-2026/raw_reads/P26_S84_L001_R1_001.fastq.gz	<KMD_ROOT>/__restructured_16-05-2026/raw_reads/P26_S84_L001_R2_001.fastq.gz
P27	<KMD_ROOT>/__restructured_16-05-2026/raw_reads/P27_S85_L001_R1_001.fastq.gz	<KMD_ROOT>/__restructured_16-05-2026/raw_reads/P27_S85_L001_R2_001.fastq.gz
P28	<KMD_ROOT>/__restructured_16-05-2026/raw_reads/P28_S86_L001_R1_001.fastq.gz	<KMD_ROOT>/__restructured_16-05-2026/raw_reads/P28_S86_L001_R2_001.fastq.gz
P29	<KMD_ROOT>/__restructured_16-05-2026/raw_reads/P29_S87_L001_R1_001.fastq.gz	<KMD_ROOT>/__restructured_16-05-2026/raw_reads/P29_S87_L001_R2_001.fastq.gz
P30	<KMD_ROOT>/__restructured_16-05-2026/raw_reads/P30_S88_L001_R1_001.fastq.gz	<KMD_ROOT>/__restructured_16-05-2026/raw_reads/P30_S88_L001_R2_001.fastq.gz
P31	<KMD_ROOT>/__restructured_16-05-2026/raw_reads/P31_S89_L001_R1_001.fastq.gz	<KMD_ROOT>/__restructured_16-05-2026/raw_reads/P31_S89_L001_R2_001.fastq.gz
P32	<KMD_ROOT>/__restructured_16-05-2026/raw_reads/P32_S90_L001_R1_001.fastq.gz	<KMD_ROOT>/__restructured_16-05-2026/raw_reads/P32_S90_L001_R2_001.fastq.gz
