Sequence_ID	clone	organism	isolation_source	host	geo_loc_name	collection_date	environmental_sample	BioProject	note
KMD_ITS2_ASV001	KMD_ITS2_ASV001	uncultured Tremellomycetes	surface-sterilised internal tissue of Searsia lancea	Searsia lancea	South Africa	2017-05-18	TRUE		amplicon sequence variant (DADA2) of the ITS2 region, primers ITS3 and ITS4, from merged Illumina MiSeq read pairs from two runs (2x250 bp and 2x301 bp)
KMD_ITS2_ASV002	KMD_ITS2_ASV002	uncultured Tremellomycetes	surface-sterilised internal tissue of Searsia lancea	Searsia lancea	South Africa	2016-04-26/2017-05-18	TRUE		amplicon sequence variant (DADA2) of the ITS2 region, primers ITS3 and ITS4, from merged Illumina MiSeq read pairs from two runs (2x250 bp and 2x301 bp)
KMD_ITS2_ASV003	KMD_ITS2_ASV003	uncultured Tremellomycetes	surface-sterilised internal tissue of Searsia lancea	Searsia lancea	South Africa	2016-04-26/2017-05-10	TRUE		amplicon sequence variant (DADA2) of the ITS2 region, primers ITS3 and ITS4, from merged Illumina MiSeq read pairs from two runs (2x250 bp and 2x301 bp)
KMD_ITS2_ASV004	KMD_ITS2_ASV004	uncultured Tremellomycetes	surface-sterilised internal tissue of Searsia lancea	Searsia lancea	South Africa	2016-04-26/2017-05-10	TRUE		amplicon sequence variant (DADA2) of the ITS2 region, primers ITS3 and ITS4, from merged Illumina MiSeq read pairs from two runs (2x250 bp and 2x301 bp)
KMD_ITS2_ASV005	KMD_ITS2_ASV005	uncultured Tremellomycetes	surface-sterilised internal tissue of Searsia lancea	Searsia lancea	South Africa	2016-04-26	TRUE		amplicon sequence variant (DADA2) of the ITS2 region, primers ITS3 and ITS4, from merged Illumina MiSeq read pairs from two runs (2x250 bp and 2x301 bp)
KMD_ITS2_ASV006	KMD_ITS2_ASV006	uncultured Tremellomycetes	surface-sterilised internal tissue of Searsia lancea	Searsia lancea	South Africa	2016-04-26/2017-05-10	TRUE		amplicon sequence variant (DADA2) of the ITS2 region, primers ITS3 and ITS4, from merged Illumina MiSeq read pairs from two runs (2x250 bp and 2x301 bp)
KMD_ITS2_ASV007	KMD_ITS2_ASV007	uncultured Tremellomycetes	surface-sterilised internal tissue of Searsia lancea	Searsia lancea	South Africa	2017-05-10	TRUE		amplicon sequence variant (DADA2) of the ITS2 region, primers ITS3 and ITS4, from merged Illumina MiSeq read pairs from two runs (2x250 bp and 2x301 bp)
KMD_ITS2_ASV008	KMD_ITS2_ASV008	uncultured Tremellomycetes	surface-sterilised internal tissue of Searsia lancea	Searsia lancea	South Africa	2017-05-18	TRUE		amplicon sequence variant (DADA2) of the ITS2 region, primers ITS3 and ITS4, from merged Illumina MiSeq read pairs from two runs (2x250 bp and 2x301 bp)
KMD_ITS2_ASV009	KMD_ITS2_ASV009	uncultured Tremellomycetes	surface-sterilised internal tissue of Searsia lancea	Searsia lancea	South Africa	2016-04-26/2017-05-18	TRUE		amplicon sequence variant (DADA2) of the ITS2 region, primers ITS3 and ITS4, from merged Illumina MiSeq read pairs from two runs (2x250 bp and 2x301 bp)
KMD_ITS2_ASV010	KMD_ITS2_ASV010	uncultured Tremellomycetes	surface-sterilised internal tissue of Searsia lancea	Searsia lancea	South Africa	2017-05-18	TRUE		amplicon sequence variant (DADA2) of the ITS2 region, primers ITS3 and ITS4, from merged Illumina MiSeq read pairs from two runs (2x250 bp and 2x301 bp)
KMD_ITS2_ASV011	KMD_ITS2_ASV011	uncultured Tremellomycetes	surface-sterilised internal tissue of Searsia lancea	Searsia lancea	South Africa	2017-05-10	TRUE		amplicon sequence variant (DADA2) of the ITS2 region, primers ITS3 and ITS4, from merged Illumina MiSeq read pairs from two runs (2x250 bp and 2x301 bp)
KMD_ITS2_ASV012	KMD_ITS2_ASV012	uncultured Tremellomycetes	surface-sterilised internal tissue of Searsia lancea	Searsia lancea	South Africa	2016-04-26	TRUE		amplicon sequence variant (DADA2) of the ITS2 region, primers ITS3 and ITS4, from merged Illumina MiSeq read pairs from two runs (2x250 bp and 2x301 bp)
KMD_ITS2_ASV013	KMD_ITS2_ASV013	uncultured Tremellomycetes	surface-sterilised internal tissue of Searsia lancea	Searsia lancea	South Africa	2016-04-26	TRUE		amplicon sequence variant (DADA2) of the ITS2 region, primers ITS3 and ITS4, from merged Illumina MiSeq read pairs from two runs (2x250 bp and 2x301 bp)
KMD_ITS2_ASV014	KMD_ITS2_ASV014	uncultured Tremellomycetes	surface-sterilised internal tissue of Searsia lancea	Searsia lancea	South Africa	2016-04-26	TRUE		amplicon sequence variant (DADA2) of the ITS2 region, primers ITS3 and ITS4, from merged Illumina MiSeq read pairs from two runs (2x250 bp and 2x301 bp)
KMD_ITS2_ASV015	KMD_ITS2_ASV015	uncultured Tremellomycetes	surface-sterilised internal tissue of Searsia lancea	Searsia lancea	South Africa	2016-04-26	TRUE		amplicon sequence variant (DADA2) of the ITS2 region, primers ITS3 and ITS4, from merged Illumina MiSeq read pairs from two runs (2x250 bp and 2x301 bp)
KMD_ITS2_ASV016	KMD_ITS2_ASV016	uncultured Tremellomycetes	surface-sterilised internal tissue of Searsia lancea	Searsia lancea	South Africa	2017-05-10	TRUE		amplicon sequence variant (DADA2) of the ITS2 region, primers ITS3 and ITS4, from merged Illumina MiSeq read pairs from two runs (2x250 bp and 2x301 bp)
KMD_ITS2_ASV017	KMD_ITS2_ASV017	uncultured Tremellomycetes	surface-sterilised internal tissue of Searsia lancea	Searsia lancea	South Africa	2016-04-26	TRUE		amplicon sequence variant (DADA2) of the ITS2 region, primers ITS3 and ITS4, from merged Illumina MiSeq read pairs from two runs (2x250 bp and 2x301 bp)
KMD_ITS2_ASV018	KMD_ITS2_ASV018	uncultured Tremellomycetes	surface-sterilised internal tissue of Searsia lancea	Searsia lancea	South Africa	2017-05-18	TRUE		amplicon sequence variant (DADA2) of the ITS2 region, primers ITS3 and ITS4, from merged Illumina MiSeq read pairs from two runs (2x250 bp and 2x301 bp)
KMD_ITS2_ASV019	KMD_ITS2_ASV019	uncultured Tremellomycetes	surface-sterilised internal tissue of Searsia lancea	Searsia lancea	South Africa	2017-05-18	TRUE		amplicon sequence variant (DADA2) of the ITS2 region, primers ITS3 and ITS4, from merged Illumina MiSeq read pairs from two runs (2x250 bp and 2x301 bp)
KMD_ITS2_ASV020	KMD_ITS2_ASV020	uncultured Tremellomycetes	surface-sterilised internal tissue of Searsia lancea	Searsia lancea	South Africa	2016-04-26	TRUE		amplicon sequence variant (DADA2) of the ITS2 region, primers ITS3 and ITS4, from merged Illumina MiSeq read pairs from two runs (2x250 bp and 2x301 bp)
KMD_ITS2_ASV021	KMD_ITS2_ASV021	uncultured Tremellomycetes	surface-sterilised internal tissue of Searsia lancea	Searsia lancea	South Africa	2017-05-18	TRUE		amplicon sequence variant (DADA2) of the ITS2 region, primers ITS3 and ITS4, from merged Illumina MiSeq read pairs from two runs (2x250 bp and 2x301 bp)
KMD_ITS2_ASV022	KMD_ITS2_ASV022	uncultured Tremellomycetes	surface-sterilised internal tissue of Searsia lancea	Searsia lancea	South Africa	2017-05-18	TRUE		amplicon sequence variant (DADA2) of the ITS2 region, primers ITS3 and ITS4, from merged Illumina MiSeq read pairs from two runs (2x250 bp and 2x301 bp)
KMD_ITS2_ASV023	KMD_ITS2_ASV023	uncultured Tremellomycetes	surface-sterilised internal tissue of Searsia lancea	Searsia lancea	South Africa	2017-05-18	TRUE		amplicon sequence variant (DADA2) of the ITS2 region, primers ITS3 and ITS4, from merged Illumina MiSeq read pairs from two runs (2x250 bp and 2x301 bp)
KMD_ITS2_ASV024	KMD_ITS2_ASV024	uncultured Tremellomycetes	surface-sterilised internal tissue of Searsia lancea	Searsia lancea	South Africa	2017-05-18	TRUE		amplicon sequence variant (DADA2) of the ITS2 region, primers ITS3 and ITS4, from merged Illumina MiSeq read pairs from two runs (2x250 bp and 2x301 bp)
KMD_ITS2_ASV025	KMD_ITS2_ASV025	uncultured Tremellomycetes	surface-sterilised internal tissue of Searsia lancea	Searsia lancea	South Africa	2017-05-10	TRUE		amplicon sequence variant (DADA2) of the ITS2 region, primers ITS3 and ITS4, from merged Illumina MiSeq read pairs from two runs (2x250 bp and 2x301 bp)
KMD_ITS2_ASV026	KMD_ITS2_ASV026	uncultured Tremellomycetes	surface-sterilised internal tissue of Searsia lancea	Searsia lancea	South Africa	2016-04-26	TRUE		amplicon sequence variant (DADA2) of the ITS2 region, primers ITS3 and ITS4, from merged Illumina MiSeq read pairs from two runs (2x250 bp and 2x301 bp)
KMD_ITS2_ASV027	KMD_ITS2_ASV027	uncultured Tremellomycetes	surface-sterilised internal tissue of Searsia lancea	Searsia lancea	South Africa	2017-05-18	TRUE		amplicon sequence variant (DADA2) of the ITS2 region, primers ITS3 and ITS4, from merged Illumina MiSeq read pairs from two runs (2x250 bp and 2x301 bp)
KMD_ITS2_ASV028	KMD_ITS2_ASV028	uncultured Tremellomycetes	surface-sterilised internal tissue of Searsia lancea	Searsia lancea	South Africa	2017-05-18	TRUE		amplicon sequence variant (DADA2) of the ITS2 region, primers ITS3 and ITS4, from merged Illumina MiSeq read pairs from two runs (2x250 bp and 2x301 bp)
KMD_ITS2_ASV029	KMD_ITS2_ASV029	uncultured Tremellomycetes	surface-sterilised internal tissue of Searsia lancea	Searsia lancea	South Africa	2016-04-26	TRUE		amplicon sequence variant (DADA2) of the ITS2 region, primers ITS3 and ITS4, from merged Illumina MiSeq read pairs from two runs (2x250 bp and 2x301 bp)
KMD_ITS2_ASV030	KMD_ITS2_ASV030	uncultured fungus	surface-sterilised internal tissue of Searsia lancea	Searsia lancea	South Africa	2016-04-26	TRUE		amplicon sequence variant (DADA2) of the ITS2 region, primers ITS3 and ITS4, from merged Illumina MiSeq read pairs from two runs (2x250 bp and 2x301 bp); one of 71 ASVs of an unresolved lineage provisionally assigned to Tremellomycetes; inside the Tremellomycetes reference clade of the placement tree but without a blastn hit to the Tremellomycetes reference set
KMD_ITS2_ASV031	KMD_ITS2_ASV031	uncultured Tremellomycetes	surface-sterilised internal tissue of Searsia lancea	Searsia lancea	South Africa	2016-04-26	TRUE		amplicon sequence variant (DADA2) of the ITS2 region, primers ITS3 and ITS4, from merged Illumina MiSeq read pairs from two runs (2x250 bp and 2x301 bp)
KMD_ITS2_ASV032	KMD_ITS2_ASV032	uncultured Tremellomycetes	surface-sterilised internal tissue of Searsia lancea	Searsia lancea	South Africa	2016-04-26	TRUE		amplicon sequence variant (DADA2) of the ITS2 region, primers ITS3 and ITS4, from merged Illumina MiSeq read pairs from two runs (2x250 bp and 2x301 bp)
KMD_ITS2_ASV033	KMD_ITS2_ASV033	uncultured Tremellomycetes	surface-sterilised internal tissue of Searsia lancea	Searsia lancea	South Africa	2017-05-18	TRUE		amplicon sequence variant (DADA2) of the ITS2 region, primers ITS3 and ITS4, from merged Illumina MiSeq read pairs from two runs (2x250 bp and 2x301 bp)
KMD_ITS2_ASV034	KMD_ITS2_ASV034	uncultured Tremellomycetes	surface-sterilised internal tissue of Searsia lancea	Searsia lancea	South Africa	2016-04-26	TRUE		amplicon sequence variant (DADA2) of the ITS2 region, primers ITS3 and ITS4, from merged Illumina MiSeq read pairs from two runs (2x250 bp and 2x301 bp)
KMD_ITS2_ASV035	KMD_ITS2_ASV035	uncultured Tremellomycetes	surface-sterilised internal tissue of Searsia lancea	Searsia lancea	South Africa	2016-04-26	TRUE		amplicon sequence variant (DADA2) of the ITS2 region, primers ITS3 and ITS4, from merged Illumina MiSeq read pairs from two runs (2x250 bp and 2x301 bp)
KMD_ITS2_ASV036	KMD_ITS2_ASV036	uncultured Tremellomycetes	surface-sterilised internal tissue of Searsia lancea	Searsia lancea	South Africa	2016-04-26	TRUE		amplicon sequence variant (DADA2) of the ITS2 region, primers ITS3 and ITS4, from merged Illumina MiSeq read pairs from two runs (2x250 bp and 2x301 bp)
KMD_ITS2_ASV037	KMD_ITS2_ASV037	uncultured Tremellomycetes	surface-sterilised internal tissue of Searsia lancea	Searsia lancea	South Africa	2016-04-26	TRUE		amplicon sequence variant (DADA2) of the ITS2 region, primers ITS3 and ITS4, from merged Illumina MiSeq read pairs from two runs (2x250 bp and 2x301 bp)
KMD_ITS2_ASV038	KMD_ITS2_ASV038	uncultured Tremellomycetes	surface-sterilised internal tissue of Searsia lancea	Searsia lancea	South Africa	2016-04-26	TRUE		amplicon sequence variant (DADA2) of the ITS2 region, primers ITS3 and ITS4, from merged Illumina MiSeq read pairs from two runs (2x250 bp and 2x301 bp)
KMD_ITS2_ASV039	KMD_ITS2_ASV039	uncultured Tremellomycetes	surface-sterilised internal tissue of Searsia lancea	Searsia lancea	South Africa	2016-04-26	TRUE		amplicon sequence variant (DADA2) of the ITS2 region, primers ITS3 and ITS4, from merged Illumina MiSeq read pairs from two runs (2x250 bp and 2x301 bp)
KMD_ITS2_ASV040	KMD_ITS2_ASV040	uncultured Tremellomycetes	surface-sterilised internal tissue of Searsia lancea	Searsia lancea	South Africa	2016-04-26	TRUE		amplicon sequence variant (DADA2) of the ITS2 region, primers ITS3 and ITS4, from merged Illumina MiSeq read pairs from two runs (2x250 bp and 2x301 bp)
KMD_ITS2_ASV041	KMD_ITS2_ASV041	uncultured Tremellomycetes	surface-sterilised internal tissue of Searsia lancea	Searsia lancea	South Africa	2016-04-26	TRUE		amplicon sequence variant (DADA2) of the ITS2 region, primers ITS3 and ITS4, from merged Illumina MiSeq read pairs from two runs (2x250 bp and 2x301 bp)
KMD_ITS2_ASV042	KMD_ITS2_ASV042	uncultured Tremellomycetes	surface-sterilised internal tissue of Searsia lancea	Searsia lancea	South Africa	2017-05-10/2017-05-18	TRUE		amplicon sequence variant (DADA2) of the ITS2 region, primers ITS3 and ITS4, from merged Illumina MiSeq read pairs from two runs (2x250 bp and 2x301 bp)
KMD_ITS2_ASV043	KMD_ITS2_ASV043	uncultured Tremellomycetes	surface-sterilised internal tissue of Searsia lancea	Searsia lancea	South Africa	2016-04-26	TRUE		amplicon sequence variant (DADA2) of the ITS2 region, primers ITS3 and ITS4, from merged Illumina MiSeq read pairs from two runs (2x250 bp and 2x301 bp)
KMD_ITS2_ASV044	KMD_ITS2_ASV044	uncultured Tremellomycetes	surface-sterilised internal tissue of Searsia lancea	Searsia lancea	South Africa	2016-04-26	TRUE		amplicon sequence variant (DADA2) of the ITS2 region, primers ITS3 and ITS4, from merged Illumina MiSeq read pairs from two runs (2x250 bp and 2x301 bp)
KMD_ITS2_ASV045	KMD_ITS2_ASV045	uncultured Tremellomycetes	surface-sterilised internal tissue of Searsia lancea	Searsia lancea	South Africa	2016-04-26	TRUE		amplicon sequence variant (DADA2) of the ITS2 region, primers ITS3 and ITS4, from merged Illumina MiSeq read pairs from two runs (2x250 bp and 2x301 bp)
KMD_ITS2_ASV046	KMD_ITS2_ASV046	uncultured Tremellomycetes	surface-sterilised internal tissue of Searsia lancea	Searsia lancea	South Africa	2016-04-26	TRUE		amplicon sequence variant (DADA2) of the ITS2 region, primers ITS3 and ITS4, from merged Illumina MiSeq read pairs from two runs (2x250 bp and 2x301 bp)
KMD_ITS2_ASV047	KMD_ITS2_ASV047	uncultured Tremellomycetes	surface-sterilised internal tissue of Searsia lancea	Searsia lancea	South Africa	2017-05-18	TRUE		amplicon sequence variant (DADA2) of the ITS2 region, primers ITS3 and ITS4, from merged Illumina MiSeq read pairs from two runs (2x250 bp and 2x301 bp)
KMD_ITS2_ASV048	KMD_ITS2_ASV048	uncultured Tremellomycetes	surface-sterilised internal tissue of Searsia lancea	Searsia lancea	South Africa	2016-04-26	TRUE		amplicon sequence variant (DADA2) of the ITS2 region, primers ITS3 and ITS4, from merged Illumina MiSeq read pairs from two runs (2x250 bp and 2x301 bp)
KMD_ITS2_ASV049	KMD_ITS2_ASV049	uncultured Tremellomycetes	surface-sterilised internal tissue of Searsia lancea	Searsia lancea	South Africa	2016-04-26	TRUE		amplicon sequence variant (DADA2) of the ITS2 region, primers ITS3 and ITS4, from merged Illumina MiSeq read pairs from two runs (2x250 bp and 2x301 bp)
KMD_ITS2_ASV050	KMD_ITS2_ASV050	uncultured Tremellomycetes	surface-sterilised internal tissue of Searsia lancea	Searsia lancea	South Africa	2016-04-26	TRUE		amplicon sequence variant (DADA2) of the ITS2 region, primers ITS3 and ITS4, from merged Illumina MiSeq read pairs from two runs (2x250 bp and 2x301 bp)
KMD_ITS2_ASV051	KMD_ITS2_ASV051	uncultured Tremellomycetes	surface-sterilised internal tissue of Searsia lancea	Searsia lancea	South Africa	2016-04-26	TRUE		amplicon sequence variant (DADA2) of the ITS2 region, primers ITS3 and ITS4, from merged Illumina MiSeq read pairs from two runs (2x250 bp and 2x301 bp)
KMD_ITS2_ASV052	KMD_ITS2_ASV052	uncultured Tremellomycetes	surface-sterilised internal tissue of Searsia lancea	Searsia lancea	South Africa	2016-04-26	TRUE		amplicon sequence variant (DADA2) of the ITS2 region, primers ITS3 and ITS4, from merged Illumina MiSeq read pairs from two runs (2x250 bp and 2x301 bp)
KMD_ITS2_ASV053	KMD_ITS2_ASV053	uncultured Tremellomycetes	surface-sterilised internal tissue of Searsia lancea	Searsia lancea	South Africa	2016-04-26	TRUE		amplicon sequence variant (DADA2) of the ITS2 region, primers ITS3 and ITS4, from merged Illumina MiSeq read pairs from two runs (2x250 bp and 2x301 bp)
KMD_ITS2_ASV054	KMD_ITS2_ASV054	uncultured fungus	surface-sterilised internal tissue of Searsia lancea	Searsia lancea	South Africa	2016-04-26	TRUE		amplicon sequence variant (DADA2) of the ITS2 region, primers ITS3 and ITS4, from merged Illumina MiSeq read pairs from two runs (2x250 bp and 2x301 bp); one of 71 ASVs of an unresolved lineage provisionally assigned to Tremellomycetes; inside the Tremellomycetes reference clade of the placement tree but without a blastn hit to the Tremellomycetes reference set
KMD_ITS2_ASV055	KMD_ITS2_ASV055	uncultured Tremellomycetes	surface-sterilised internal tissue of Searsia lancea	Searsia lancea	South Africa	2016-04-26	TRUE		amplicon sequence variant (DADA2) of the ITS2 region, primers ITS3 and ITS4, from merged Illumina MiSeq read pairs from two runs (2x250 bp and 2x301 bp)
KMD_ITS2_ASV056	KMD_ITS2_ASV056	uncultured Tremellomycetes	surface-sterilised internal tissue of Searsia lancea	Searsia lancea	South Africa	2016-04-26	TRUE		amplicon sequence variant (DADA2) of the ITS2 region, primers ITS3 and ITS4, from merged Illumina MiSeq read pairs from two runs (2x250 bp and 2x301 bp)
KMD_ITS2_ASV057	KMD_ITS2_ASV057	uncultured Tremellomycetes	surface-sterilised internal tissue of Searsia lancea	Searsia lancea	South Africa	2016-04-26	TRUE		amplicon sequence variant (DADA2) of the ITS2 region, primers ITS3 and ITS4, from merged Illumina MiSeq read pairs from two runs (2x250 bp and 2x301 bp)
KMD_ITS2_ASV058	KMD_ITS2_ASV058	uncultured Tremellomycetes	surface-sterilised internal tissue of Searsia lancea	Searsia lancea	South Africa	2016-04-26	TRUE		amplicon sequence variant (DADA2) of the ITS2 region, primers ITS3 and ITS4, from merged Illumina MiSeq read pairs from two runs (2x250 bp and 2x301 bp)
KMD_ITS2_ASV059	KMD_ITS2_ASV059	uncultured Tremellomycetes	surface-sterilised internal tissue of Searsia lancea	Searsia lancea	South Africa	2016-04-26	TRUE		amplicon sequence variant (DADA2) of the ITS2 region, primers ITS3 and ITS4, from merged Illumina MiSeq read pairs from two runs (2x250 bp and 2x301 bp)
KMD_ITS2_ASV060	KMD_ITS2_ASV060	uncultured fungus	surface-sterilised internal tissue of Searsia lancea	Searsia lancea	South Africa	2017-05-18	TRUE		amplicon sequence variant (DADA2) of the ITS2 region, primers ITS3 and ITS4, from merged Illumina MiSeq read pairs from two runs (2x250 bp and 2x301 bp); one of 71 ASVs of an unresolved lineage provisionally assigned to Tremellomycetes; inside the Tremellomycetes reference clade of the placement tree but without a blastn hit to the Tremellomycetes reference set
KMD_ITS2_ASV061	KMD_ITS2_ASV061	uncultured Tremellomycetes	surface-sterilised internal tissue of Searsia lancea	Searsia lancea	South Africa	2016-04-26	TRUE		amplicon sequence variant (DADA2) of the ITS2 region, primers ITS3 and ITS4, from merged Illumina MiSeq read pairs from two runs (2x250 bp and 2x301 bp)
KMD_ITS2_ASV062	KMD_ITS2_ASV062	uncultured Tremellomycetes	surface-sterilised internal tissue of Searsia lancea	Searsia lancea	South Africa	2016-04-26	TRUE		amplicon sequence variant (DADA2) of the ITS2 region, primers ITS3 and ITS4, from merged Illumina MiSeq read pairs from two runs (2x250 bp and 2x301 bp)
KMD_ITS2_ASV063	KMD_ITS2_ASV063	uncultured Tremellomycetes	surface-sterilised internal tissue of Searsia lancea	Searsia lancea	South Africa	2016-04-26	TRUE		amplicon sequence variant (DADA2) of the ITS2 region, primers ITS3 and ITS4, from merged Illumina MiSeq read pairs from two runs (2x250 bp and 2x301 bp)
KMD_ITS2_ASV064	KMD_ITS2_ASV064	uncultured Tremellomycetes	surface-sterilised internal tissue of Searsia lancea	Searsia lancea	South Africa	2016-04-26	TRUE		amplicon sequence variant (DADA2) of the ITS2 region, primers ITS3 and ITS4, from merged Illumina MiSeq read pairs from two runs (2x250 bp and 2x301 bp)
KMD_ITS2_ASV065	KMD_ITS2_ASV065	uncultured Tremellomycetes	surface-sterilised internal tissue of Searsia lancea	Searsia lancea	South Africa	2016-04-26	TRUE		amplicon sequence variant (DADA2) of the ITS2 region, primers ITS3 and ITS4, from merged Illumina MiSeq read pairs from two runs (2x250 bp and 2x301 bp)
KMD_ITS2_ASV066	KMD_ITS2_ASV066	uncultured Tremellomycetes	surface-sterilised internal tissue of Searsia lancea	Searsia lancea	South Africa	2016-04-26	TRUE		amplicon sequence variant (DADA2) of the ITS2 region, primers ITS3 and ITS4, from merged Illumina MiSeq read pairs from two runs (2x250 bp and 2x301 bp)
KMD_ITS2_ASV067	KMD_ITS2_ASV067	uncultured Tremellomycetes	surface-sterilised internal tissue of Searsia lancea	Searsia lancea	South Africa	2016-04-26	TRUE		amplicon sequence variant (DADA2) of the ITS2 region, primers ITS3 and ITS4, from merged Illumina MiSeq read pairs from two runs (2x250 bp and 2x301 bp)
KMD_ITS2_ASV068	KMD_ITS2_ASV068	uncultured Tremellomycetes	surface-sterilised internal tissue of Searsia lancea	Searsia lancea	South Africa	2017-05-18	TRUE		amplicon sequence variant (DADA2) of the ITS2 region, primers ITS3 and ITS4, from merged Illumina MiSeq read pairs from two runs (2x250 bp and 2x301 bp)
KMD_ITS2_ASV069	KMD_ITS2_ASV069	uncultured Tremellomycetes	surface-sterilised internal tissue of Searsia lancea	Searsia lancea	South Africa	2016-04-26	TRUE		amplicon sequence variant (DADA2) of the ITS2 region, primers ITS3 and ITS4, from merged Illumina MiSeq read pairs from two runs (2x250 bp and 2x301 bp)
KMD_ITS2_ASV070	KMD_ITS2_ASV070	uncultured fungus	surface-sterilised internal tissue of Searsia lancea	Searsia lancea	South Africa	2017-05-18	TRUE		amplicon sequence variant (DADA2) of the ITS2 region, primers ITS3 and ITS4, from merged Illumina MiSeq read pairs from two runs (2x250 bp and 2x301 bp); one of 71 ASVs of an unresolved lineage provisionally assigned to Tremellomycetes; with a blastn hit to the Tremellomycetes reference set but outside the reference clade of the placement tree
KMD_ITS2_ASV071	KMD_ITS2_ASV071	uncultured Tremellomycetes	surface-sterilised internal tissue of Searsia lancea	Searsia lancea	South Africa	2016-04-26	TRUE		amplicon sequence variant (DADA2) of the ITS2 region, primers ITS3 and ITS4, from merged Illumina MiSeq read pairs from two runs (2x250 bp and 2x301 bp)
