ASV_976ad936_reads278643	REF_Filobasidium_PP844358.1	85.507	276	73	3.46e-76
ASV_976ad936_reads278643	REF_Solicoccozyma_PZ575883.1	79.420	379	100	2.71e-67
ASV_976ad936_reads278643	REF_Filobasidium_PQ350839.1	83.333	276	81	3.51e-66
ASV_976ad936_reads278643	REF_Filobasidium_PQ350839.1	100.000	31	81	1.36e-10
ASV_976ad936_reads278643	REF_Filobasidium_PQ350849.1	83.333	276	73	3.51e-66
ASV_976ad936_reads278643	REF_Solicoccozyma_PZ690149.1	79.177	389	100	1.26e-65
ASV_9beca850_reads156355	REF_Filobasidium_PP844358.1	85.507	276	73	3.47e-76
ASV_9beca850_reads156355	REF_Solicoccozyma_PZ575883.1	79.474	380	100	2.72e-67
ASV_9beca850_reads156355	REF_Filobasidium_PQ350839.1	83.333	276	81	3.52e-66
ASV_9beca850_reads156355	REF_Filobasidium_PQ350839.1	100.000	31	81	1.37e-10
ASV_9beca850_reads156355	REF_Filobasidium_PQ350849.1	83.333	276	73	3.52e-66
ASV_9beca850_reads156355	REF_Solicoccozyma_PZ444460.1	79.231	390	100	1.26e-65
ASV_64ed2f20_reads121713	REF_Filobasidium_PP844358.1	85.507	276	73	3.47e-76
ASV_64ed2f20_reads121713	REF_Filobasidium_PQ350839.1	83.333	276	81	3.52e-66
ASV_64ed2f20_reads121713	REF_Filobasidium_PQ350839.1	100.000	31	81	1.37e-10
ASV_64ed2f20_reads121713	REF_Filobasidium_PQ350849.1	83.333	276	73	3.52e-66
ASV_64ed2f20_reads121713	REF_Solicoccozyma_PZ575883.1	79.211	380	100	1.26e-65
ASV_64ed2f20_reads121713	REF_Filobasidium_PQ350844.1	82.909	275	73	1.64e-64
ASV_a23ce701_reads18251	REF_Filobasidium_PP844358.1	85.507	276	73	3.46e-76
ASV_a23ce701_reads18251	REF_Solicoccozyma_PZ575883.1	79.420	379	100	2.71e-67
ASV_a23ce701_reads18251	REF_Filobasidium_PQ350839.1	83.333	276	81	3.51e-66
ASV_a23ce701_reads18251	REF_Filobasidium_PQ350839.1	100.000	31	81	1.36e-10
ASV_a23ce701_reads18251	REF_Filobasidium_PQ350849.1	83.333	276	73	3.51e-66
ASV_a23ce701_reads18251	REF_Solicoccozyma_PZ690149.1	79.177	389	100	1.26e-65
ASV_acb3df07_reads14593	REF_Filobasidium_PP844358.1	85.507	276	73	3.47e-76
ASV_acb3df07_reads14593	REF_Filobasidium_PQ350839.1	83.333	276	81	3.52e-66
ASV_acb3df07_reads14593	REF_Filobasidium_PQ350839.1	100.000	31	81	1.37e-10
ASV_acb3df07_reads14593	REF_Filobasidium_PQ350849.1	83.333	276	73	3.52e-66
ASV_acb3df07_reads14593	REF_Solicoccozyma_PZ575883.1	79.211	380	100	1.26e-65
ASV_acb3df07_reads14593	REF_Filobasidium_PQ350844.1	82.909	275	73	1.64e-64
ASV_9e836b53_reads10534	REF_Filobasidium_PP844358.1	85.507	276	73	3.47e-76
ASV_9e836b53_reads10534	REF_Solicoccozyma_PZ575883.1	79.474	380	100	2.72e-67
ASV_9e836b53_reads10534	REF_Filobasidium_PQ350839.1	83.333	276	81	3.52e-66
ASV_9e836b53_reads10534	REF_Filobasidium_PQ350839.1	100.000	31	81	1.37e-10
ASV_9e836b53_reads10534	REF_Filobasidium_PQ350849.1	83.333	276	73	3.52e-66
ASV_9e836b53_reads10534	REF_Solicoccozyma_PZ444460.1	79.231	390	100	1.26e-65
ASV_da2d6ae3_reads9993	REF_Filobasidium_PP844358.1	85.145	276	73	1.61e-74
ASV_da2d6ae3_reads9993	REF_Solicoccozyma_PZ575883.1	79.156	379	100	1.26e-65
ASV_da2d6ae3_reads9993	REF_Filobasidium_PQ350839.1	82.971	276	81	1.63e-64
ASV_da2d6ae3_reads9993	REF_Filobasidium_PQ350839.1	100.000	31	81	1.36e-10
ASV_da2d6ae3_reads9993	REF_Filobasidium_PQ350849.1	82.971	276	73	1.63e-64
ASV_da2d6ae3_reads9993	REF_Solicoccozyma_PZ690149.1	78.920	389	100	5.87e-64
ASV_60479297_reads8983	REF_Filobasidium_PP844358.1	85.507	276	73	3.47e-76
ASV_60479297_reads8983	REF_Solicoccozyma_PZ575883.1	79.528	381	100	2.72e-67
ASV_60479297_reads8983	REF_Filobasidium_PQ350839.1	83.333	276	81	3.52e-66
ASV_60479297_reads8983	REF_Filobasidium_PQ350839.1	100.000	31	81	1.37e-10
ASV_60479297_reads8983	REF_Filobasidium_PQ350849.1	83.333	276	73	3.52e-66
ASV_60479297_reads8983	REF_Solicoccozyma_PZ444460.1	79.231	390	100	1.26e-65
ASV_a624f9a1_reads5075	REF_Filobasidium_PP844358.1	85.507	276	73	3.47e-76
ASV_a624f9a1_reads5075	REF_Filobasidium_PQ350839.1	83.333	276	81	3.52e-66
ASV_a624f9a1_reads5075	REF_Filobasidium_PQ350839.1	100.000	31	81	1.37e-10
ASV_a624f9a1_reads5075	REF_Filobasidium_PQ350849.1	83.333	276	73	3.52e-66
ASV_a624f9a1_reads5075	REF_Filobasidium_PQ350844.1	82.909	275	73	1.64e-64
ASV_a624f9a1_reads5075	REF_Solicoccozyma_PZ575883.1	78.947	380	100	5.88e-64
ASV_263b1aff_reads3841	REF_Filobasidium_PP844358.1	85.145	276	73	1.61e-74
ASV_263b1aff_reads3841	REF_Solicoccozyma_PZ444460.1	79.231	390	100	1.26e-65
ASV_263b1aff_reads3841	REF_Solicoccozyma_PZ444463.1	79.231	390	100	1.26e-65
ASV_263b1aff_reads3841	REF_Solicoccozyma_PZ690149.1	79.231	390	100	1.26e-65
ASV_263b1aff_reads3841	REF_Filobasidium_PQ350839.1	82.971	276	81	1.64e-64
ASV_263b1aff_reads3841	REF_Filobasidium_PQ350839.1	100.000	31	81	1.37e-10
ASV_6f71c818_reads3645	REF_Filobasidium_PP844358.1	85.507	276	73	3.46e-76
ASV_6f71c818_reads3645	REF_Solicoccozyma_PZ575883.1	79.420	379	100	2.71e-67
ASV_6f71c818_reads3645	REF_Solicoccozyma_PZ690149.1	79.487	390	100	2.71e-67
ASV_6f71c818_reads3645	REF_Solicoccozyma_PZ444460.1	79.487	390	100	9.75e-67
ASV_6f71c818_reads3645	REF_Solicoccozyma_PZ444463.1	79.487	390	100	9.75e-67
ASV_defcb0ce_reads3511	REF_Filobasidium_PP844358.1	85.507	276	73	3.47e-76
ASV_defcb0ce_reads3511	REF_Filobasidium_PQ350839.1	83.333	276	81	3.52e-66
ASV_defcb0ce_reads3511	REF_Filobasidium_PQ350839.1	100.000	31	81	1.37e-10
ASV_defcb0ce_reads3511	REF_Filobasidium_PQ350849.1	83.333	276	73	3.52e-66
ASV_defcb0ce_reads3511	REF_Solicoccozyma_PZ444460.1	79.231	390	100	1.26e-65
ASV_defcb0ce_reads3511	REF_Solicoccozyma_PZ444463.1	79.231	390	100	1.26e-65
ASV_041023c3_reads3369	REF_Filobasidium_PP844358.1	85.507	276	73	3.47e-76
ASV_041023c3_reads3369	REF_Filobasidium_PQ350839.1	83.333	276	81	3.52e-66
ASV_041023c3_reads3369	REF_Filobasidium_PQ350839.1	100.000	31	81	1.37e-10
ASV_041023c3_reads3369	REF_Filobasidium_PQ350849.1	83.333	276	73	3.52e-66
ASV_041023c3_reads3369	REF_Filobasidium_PQ350844.1	82.909	275	73	1.64e-64
ASV_041023c3_reads3369	REF_Solicoccozyma_PZ575883.1	78.947	380	100	5.88e-64
ASV_dac38306_reads2286	REF_Filobasidium_PP844358.1	85.507	276	73	3.47e-76
ASV_dac38306_reads2286	REF_Filobasidium_PQ350839.1	83.333	276	81	3.52e-66
ASV_dac38306_reads2286	REF_Filobasidium_PQ350839.1	100.000	31	81	1.37e-10
ASV_dac38306_reads2286	REF_Filobasidium_PQ350849.1	83.333	276	73	3.52e-66
ASV_dac38306_reads2286	REF_Solicoccozyma_PZ444460.1	79.231	390	100	1.26e-65
ASV_dac38306_reads2286	REF_Solicoccozyma_PZ444463.1	79.231	390	100	1.26e-65
ASV_b238e7f1_reads910	REF_Filobasidium_PP844358.1	85.507	276	73	3.46e-76
ASV_b238e7f1_reads910	REF_Solicoccozyma_PZ690149.1	79.692	389	100	5.83e-69
ASV_b238e7f1_reads910	REF_Solicoccozyma_PZ444460.1	79.692	389	100	2.10e-68
ASV_b238e7f1_reads910	REF_Solicoccozyma_PZ444463.1	79.692	389	100	2.10e-68
ASV_b238e7f1_reads910	REF_Solicoccozyma_PZ575883.1	79.420	379	100	2.71e-67
ASV_7a86df1e_reads909	REF_Filobasidium_PP844358.1	85.145	276	73	1.61e-74
ASV_7a86df1e_reads909	REF_Filobasidium_PQ350839.1	82.971	276	81	1.64e-64
ASV_7a86df1e_reads909	REF_Filobasidium_PQ350839.1	100.000	31	81	1.37e-10
ASV_7a86df1e_reads909	REF_Filobasidium_PQ350849.1	82.971	276	73	1.64e-64
ASV_7a86df1e_reads909	REF_Solicoccozyma_PZ575883.1	78.947	380	100	5.88e-64
ASV_7a86df1e_reads909	REF_Filobasidium_PQ350844.1	82.545	275	73	7.61e-63
ASV_b4195e23_reads529	REF_Filobasidium_PP844358.1	85.507	276	73	3.46e-76
ASV_b4195e23_reads529	REF_Solicoccozyma_PZ575883.1	79.474	380	100	2.71e-67
ASV_b4195e23_reads529	REF_Filobasidium_PQ350839.1	83.333	276	81	3.51e-66
ASV_b4195e23_reads529	REF_Filobasidium_PQ350839.1	100.000	31	81	1.36e-10
ASV_b4195e23_reads529	REF_Filobasidium_PQ350849.1	83.333	276	73	3.51e-66
ASV_b4195e23_reads529	REF_Solicoccozyma_PZ690149.1	79.231	390	100	1.26e-65
ASV_82f3de1d_reads506	REF_Filobasidium_PP844358.1	85.507	276	72	3.48e-76
ASV_82f3de1d_reads506	REF_Solicoccozyma_PZ575883.1	79.211	380	100	3.53e-66
ASV_82f3de1d_reads506	REF_Filobasidium_PQ350839.1	83.333	276	81	3.53e-66
ASV_82f3de1d_reads506	REF_Filobasidium_PQ350839.1	100.000	31	81	1.37e-10
ASV_82f3de1d_reads506	REF_Filobasidium_PQ350849.1	83.333	276	72	3.53e-66
ASV_82f3de1d_reads506	REF_Solicoccozyma_PZ690149.1	79.028	391	100	1.64e-64
ASV_d1875b5b_reads450	REF_Filobasidium_PP844358.1	85.145	276	73	1.61e-74
ASV_d1875b5b_reads450	REF_Solicoccozyma_PZ575883.1	79.156	379	100	1.26e-65
ASV_d1875b5b_reads450	REF_Filobasidium_PQ350839.1	82.971	276	81	1.63e-64
ASV_d1875b5b_reads450	REF_Filobasidium_PQ350839.1	100.000	31	81	1.36e-10
ASV_d1875b5b_reads450	REF_Filobasidium_PQ350849.1	82.971	276	73	1.63e-64
ASV_d1875b5b_reads450	REF_Solicoccozyma_PZ690149.1	78.920	389	100	5.87e-64
ASV_78420c10_reads396	REF_Naganishia_PP844145.1	95.876	97	24	1.43e-40
ASV_78420c10_reads396	REF_Naganishia_PP844183.1	95.876	97	24	1.43e-40
ASV_78420c10_reads396	REF_Naganishia_PP844190.1	95.876	97	24	1.43e-40
ASV_78420c10_reads396	REF_Naganishia_PP844201.1	95.876	97	24	1.43e-40
ASV_78420c10_reads396	REF_Naganishia_PP844265.1	95.876	97	24	1.43e-40
ASV_aad6fb6c_reads378	REF_Filobasidium_PP844358.1	85.145	276	73	1.61e-74
ASV_aad6fb6c_reads378	REF_Solicoccozyma_PZ575883.1	79.156	379	100	1.26e-65
ASV_aad6fb6c_reads378	REF_Filobasidium_PQ350839.1	82.971	276	81	1.63e-64
ASV_aad6fb6c_reads378	REF_Filobasidium_PQ350839.1	100.000	31	81	1.36e-10
ASV_aad6fb6c_reads378	REF_Filobasidium_PQ350849.1	82.971	276	73	1.63e-64
ASV_aad6fb6c_reads378	REF_Solicoccozyma_PZ690149.1	78.920	389	100	5.87e-64
ASV_c7badd36_reads316	REF_Filobasidium_PP844358.1	85.145	276	73	1.61e-74
ASV_c7badd36_reads316	REF_Solicoccozyma_PZ575883.1	79.156	379	100	1.26e-65
ASV_c7badd36_reads316	REF_Filobasidium_PQ350839.1	82.971	276	81	1.63e-64
ASV_c7badd36_reads316	REF_Filobasidium_PQ350839.1	100.000	31	81	1.36e-10
ASV_c7badd36_reads316	REF_Filobasidium_PQ350849.1	82.971	276	73	1.63e-64
ASV_c7badd36_reads316	REF_Solicoccozyma_PZ690149.1	78.920	389	100	5.87e-64
ASV_3873ba42_reads272	REF_Filobasidium_PP844358.1	85.507	276	73	3.46e-76
ASV_3873ba42_reads272	REF_Solicoccozyma_PZ575883.1	79.420	379	100	2.71e-67
ASV_3873ba42_reads272	REF_Filobasidium_PQ350839.1	83.333	276	81	3.51e-66
ASV_3873ba42_reads272	REF_Filobasidium_PQ350839.1	100.000	31	81	1.36e-10
ASV_3873ba42_reads272	REF_Filobasidium_PQ350849.1	83.333	276	73	3.51e-66
ASV_3873ba42_reads272	REF_Filobasidium_PQ350844.1	82.909	275	73	1.63e-64
ASV_98806ac3_reads256	REF_Filobasidium_PP844358.1	85.145	276	73	1.60e-74
ASV_98806ac3_reads256	REF_Solicoccozyma_PZ575883.1	79.156	379	100	4.52e-65
ASV_98806ac3_reads256	REF_Filobasidium_PQ350839.1	82.971	276	81	1.63e-64
ASV_98806ac3_reads256	REF_Filobasidium_PQ350839.1	100.000	31	81	1.36e-10
ASV_98806ac3_reads256	REF_Filobasidium_PQ350849.1	82.971	276	73	1.63e-64
ASV_98806ac3_reads256	REF_Solicoccozyma_PZ444460.1	78.866	388	100	2.10e-63
ASV_dfd28725_reads199	REF_Filobasidium_PP844358.1	85.507	276	73	3.47e-76
ASV_dfd28725_reads199	REF_Solicoccozyma_PZ575883.1	79.474	380	100	2.72e-67
ASV_dfd28725_reads199	REF_Filobasidium_PQ350839.1	83.333	276	81	3.52e-66
ASV_dfd28725_reads199	REF_Filobasidium_PQ350839.1	100.000	31	81	1.37e-10
ASV_dfd28725_reads199	REF_Filobasidium_PQ350849.1	83.333	276	73	3.52e-66
ASV_dfd28725_reads199	REF_Solicoccozyma_PZ444460.1	79.231	390	100	1.26e-65
ASV_f1747db1_reads155	REF_Filobasidium_PP844358.1	85.507	276	73	3.47e-76
ASV_f1747db1_reads155	REF_Filobasidium_PQ350839.1	83.333	276	81	3.52e-66
ASV_f1747db1_reads155	REF_Filobasidium_PQ350839.1	100.000	31	81	1.37e-10
ASV_f1747db1_reads155	REF_Filobasidium_PQ350849.1	83.333	276	73	3.52e-66
ASV_f1747db1_reads155	REF_Solicoccozyma_PZ575883.1	79.211	380	100	1.26e-65
ASV_f1747db1_reads155	REF_Filobasidium_PQ350844.1	82.909	275	73	1.64e-64
ASV_21ef82fb_reads146	REF_Hannaella_PZ689361.1	95.652	69	19	1.02e-26
ASV_1705dbfd_reads143	REF_Filobasidium_PP844358.1	85.507	276	73	3.46e-76
ASV_1705dbfd_reads143	REF_Filobasidium_PQ350839.1	83.333	276	81	3.51e-66
ASV_1705dbfd_reads143	REF_Filobasidium_PQ350839.1	100.000	31	81	1.36e-10
ASV_1705dbfd_reads143	REF_Filobasidium_PQ350849.1	83.333	276	73	3.51e-66
ASV_1705dbfd_reads143	REF_Solicoccozyma_PZ575883.1	79.156	379	100	1.26e-65
ASV_1705dbfd_reads143	REF_Solicoccozyma_PZ690149.1	79.177	389	100	1.26e-65
ASV_752b8e2c_reads125	REF_Filobasidium_PP844358.1	84.058	276	73	1.62e-69
ASV_752b8e2c_reads125	REF_Naganishia_PZ690109.1	78.836	378	100	5.87e-64
ASV_752b8e2c_reads125	REF_Solicoccozyma_PZ575883.1	78.364	379	100	1.27e-60
ASV_752b8e2c_reads125	REF_Filobasidium_PQ350839.1	81.884	276	81	1.64e-59
ASV_752b8e2c_reads125	REF_Filobasidium_PQ350839.1	100.000	31	81	1.36e-10
ASV_752b8e2c_reads125	REF_Filobasidium_PQ350849.1	81.884	276	73	1.64e-59
ASV_ce993a45_reads116	REF_Filobasidium_PP844358.1	85.145	276	73	1.61e-74
ASV_ce993a45_reads116	REF_Filobasidium_PQ350839.1	82.971	276	81	1.64e-64
ASV_ce993a45_reads116	REF_Filobasidium_PQ350839.1	100.000	31	81	1.37e-10
ASV_ce993a45_reads116	REF_Filobasidium_PQ350849.1	82.971	276	73	1.64e-64
ASV_ce993a45_reads116	REF_Filobasidium_PQ350844.1	82.545	275	73	7.61e-63
ASV_ce993a45_reads116	REF_Solicoccozyma_PZ575883.1	78.684	380	100	2.74e-62
ASV_e1bc6d43_reads91	REF_Filobasidium_PP844358.1	85.145	276	73	1.61e-74
ASV_e1bc6d43_reads91	REF_Filobasidium_PQ350839.1	82.971	276	81	1.64e-64
ASV_e1bc6d43_reads91	REF_Filobasidium_PQ350839.1	100.000	31	81	1.37e-10
ASV_e1bc6d43_reads91	REF_Filobasidium_PQ350849.1	82.971	276	73	1.64e-64
ASV_e1bc6d43_reads91	REF_Filobasidium_PQ350844.1	82.545	275	73	7.61e-63
ASV_e1bc6d43_reads91	REF_Solicoccozyma_PZ444460.1	78.718	390	100	2.74e-62
ASV_c7a038d5_reads64	REF_Filobasidium_PQ350839.1	96.296	108	27	1.11e-46
ASV_c7a038d5_reads64	REF_Filobasidium_PQ350844.1	96.296	108	27	1.11e-46
ASV_c7a038d5_reads64	REF_Filobasidium_PQ350847.1	96.296	108	27	1.11e-46
ASV_c7a038d5_reads64	REF_Filobasidium_PQ350849.1	96.296	108	27	1.11e-46
ASV_c7a038d5_reads64	REF_Filobasidium_PP844067.1	96.296	108	27	1.11e-46
ASV_0ce39a02_reads58	REF_Filobasidium_PP844358.1	85.507	276	73	3.47e-76
ASV_0ce39a02_reads58	REF_Solicoccozyma_PZ575883.1	79.737	380	100	5.84e-69
ASV_0ce39a02_reads58	REF_Solicoccozyma_PZ444460.1	79.487	390	100	2.72e-67
ASV_0ce39a02_reads58	REF_Solicoccozyma_PZ444463.1	79.487	390	100	2.72e-67
ASV_0ce39a02_reads58	REF_Solicoccozyma_PZ690149.1	79.487	390	100	2.72e-67
ASV_3d4f6cfc_reads57	REF_Hannaella_PX943698.1	93.333	120	30	3.96e-46
ASV_3d4f6cfc_reads57	REF_Hannaella_PX607723.1	93.333	120	30	3.96e-46
ASV_3d4f6cfc_reads57	REF_Hannaella_PX587414.1	93.860	114	28	1.84e-44
ASV_3d4f6cfc_reads57	REF_Hannaella_PZ059708.1	93.860	114	28	1.84e-44
ASV_3d4f6cfc_reads57	REF_Hannaella_PX943694.1	92.500	120	30	6.62e-44
ASV_9b494c50_reads51	REF_Hannaella_PZ689361.1	95.652	69	19	1.01e-26
ASV_dae4519c_reads49	REF_Hannaella_PZ689361.1	95.522	67	18	1.36e-25
ASV_7f4d64a0_reads47	REF_Naganishia_PP844345.1	95.082	122	44	3.63e-51
ASV_7f4d64a0_reads47	REF_Naganishia_PP844345.1	92.683	41	44	3.84e-11
ASV_7f4d64a0_reads47	REF_Naganishia_PP844372.1	95.082	122	43	3.63e-51
ASV_7f4d64a0_reads47	REF_Naganishia_PP844372.1	97.297	37	43	2.97e-12
ASV_7f4d64a0_reads47	REF_Naganishia_PZ690868.1	95.082	122	43	3.63e-51
ASV_7f4d64a0_reads47	REF_Naganishia_PZ690868.1	97.297	37	43	2.97e-12
ASV_7f4d64a0_reads47	REF_Filobasidium_PQ350839.1	98.165	109	29	1.31e-50
ASV_7f4d64a0_reads47	REF_Filobasidium_PQ350844.1	98.165	109	29	1.31e-50
ASV_d6f84bec_reads43	REF_Hannaella_PZ689361.1	91.304	69	19	1.02e-21
ASV_b5e0956c_reads41	REF_Solicoccozyma_NR_202493.1	93.000	100	29	2.67e-37
ASV_b5e0956c_reads41	REF_Solicoccozyma_PZ444460.1	93.000	100	29	2.67e-37
ASV_b5e0956c_reads41	REF_Solicoccozyma_PZ444463.1	93.000	100	29	2.67e-37
ASV_b5e0956c_reads41	REF_Solicoccozyma_PZ575884.1	93.000	100	29	2.67e-37
ASV_b5e0956c_reads41	REF_Solicoccozyma_PZ690149.1	93.000	100	29	2.67e-37
ASV_8e80cbb2_reads38	REF_Naganishia_PP844145.1	97.000	100	26	6.47e-44
ASV_8e80cbb2_reads38	REF_Naganishia_PP844183.1	97.000	100	26	6.47e-44
ASV_8e80cbb2_reads38	REF_Naganishia_PP844190.1	97.000	100	26	6.47e-44
ASV_8e80cbb2_reads38	REF_Naganishia_PP844201.1	97.000	100	26	6.47e-44
ASV_8e80cbb2_reads38	REF_Naganishia_PP844265.1	97.000	100	26	6.47e-44
ASV_2298db48_reads37	REF_Filobasidium_PP844358.1	85.507	276	73	3.46e-76
ASV_2298db48_reads37	REF_Solicoccozyma_PZ690149.1	79.434	389	100	2.71e-67
ASV_2298db48_reads37	REF_Solicoccozyma_PZ444460.1	79.434	389	100	9.75e-67
ASV_2298db48_reads37	REF_Solicoccozyma_PZ444463.1	79.434	389	100	9.75e-67
ASV_2298db48_reads37	REF_Filobasidium_PQ350839.1	83.333	276	81	3.51e-66
ASV_2298db48_reads37	REF_Filobasidium_PQ350839.1	100.000	31	81	1.36e-10
ASV_ead91cfa_reads35	REF_Hannaella_PZ689361.1	95.652	69	19	1.01e-26
ASV_aebc39bc_reads29	REF_Naganishia_PP844145.1	91.870	123	33	1.71e-44
ASV_aebc39bc_reads29	REF_Naganishia_PP844183.1	91.870	123	33	1.71e-44
ASV_aebc39bc_reads29	REF_Naganishia_PP844190.1	91.870	123	33	1.71e-44
ASV_aebc39bc_reads29	REF_Naganishia_PP844201.1	91.870	123	33	1.71e-44
ASV_aebc39bc_reads29	REF_Naganishia_PP844265.1	91.870	123	33	1.71e-44
ASV_053af1e8_reads25	REF_Hannaella_PZ689361.1	95.522	67	18	1.36e-25
ASV_da504603_reads25	REF_Naganishia_PP844145.1	88.496	113	29	6.49e-34
ASV_da504603_reads25	REF_Naganishia_PP844183.1	88.496	113	29	6.49e-34
ASV_da504603_reads25	REF_Naganishia_PP844190.1	88.496	113	29	6.49e-34
ASV_da504603_reads25	REF_Naganishia_PP844201.1	88.496	113	29	6.49e-34
ASV_da504603_reads25	REF_Naganishia_PP844255.1	93.407	91	23	6.49e-34
ASV_5c899001_reads25	REF_Hannaella_PX943698.1	93.333	120	30	3.88e-46
ASV_5c899001_reads25	REF_Hannaella_PX607723.1	93.333	120	30	3.88e-46
ASV_5c899001_reads25	REF_Hannaella_PX587414.1	93.860	114	29	1.81e-44
ASV_5c899001_reads25	REF_Hannaella_PZ059708.1	93.860	114	29	1.81e-44
ASV_5c899001_reads25	REF_Hannaella_PX943694.1	92.500	120	30	6.50e-44
ASV_6d1982d3_reads20	REF_Hannaella_PZ689361.1	95.522	67	18	1.36e-25
ASV_1b7143e5_reads19	REF_Naganishia_PZ690109.1	85.714	105	28	3.73e-26
ASV_2026eb02_reads17	REF_Dioszegia_PX945998.1	89.167	120	30	3.10e-37
ASV_2026eb02_reads17	REF_Tremella_PZ690631.1	88.889	117	29	4.01e-36
ASV_2026eb02_reads17	REF_Tremella_PZ689558.1	90.476	105	26	5.19e-35
ASV_2026eb02_reads17	REF_Bullera_PV259732.1	90.566	106	26	5.19e-35
ASV_2026eb02_reads17	REF_Saitozyma_PZ671361.1	90.654	107	26	5.19e-35
ASV_f8212ac8_reads16	REF_Naganishia_PP844145.1	94.681	94	27	2.71e-37
ASV_f8212ac8_reads16	REF_Naganishia_PP844183.1	94.681	94	27	2.71e-37
ASV_f8212ac8_reads16	REF_Naganishia_PP844190.1	94.681	94	27	2.71e-37
ASV_f8212ac8_reads16	REF_Naganishia_PP844201.1	94.681	94	27	2.71e-37
ASV_f8212ac8_reads16	REF_Naganishia_PP844255.1	94.681	94	27	2.71e-37
ASV_2dccfee0_reads16	REF_Solicoccozyma_PZ575883.1	77.309	379	100	5.95e-54
ASV_2dccfee0_reads16	REF_Solicoccozyma_PZ690149.1	77.121	389	100	2.77e-52
ASV_2dccfee0_reads16	REF_Solicoccozyma_PZ444460.1	77.121	389	100	9.96e-52
ASV_2dccfee0_reads16	REF_Solicoccozyma_PZ444463.1	77.121	389	100	9.96e-52
ASV_2dccfee0_reads16	REF_Solicoccozyma_NR_202493.1	79.167	288	74	1.00e-46
ASV_9e292f53_reads13	REF_Hannaella_PZ689361.1	92.754	69	19	2.26e-23
ASV_3fe1fce8_reads13	REF_Solicoccozyma_NR_202493.1	96.190	105	27	4.88e-45
ASV_3fe1fce8_reads13	REF_Solicoccozyma_PZ444460.1	96.190	105	27	4.88e-45
ASV_3fe1fce8_reads13	REF_Solicoccozyma_PZ444463.1	96.190	105	27	4.88e-45
ASV_3fe1fce8_reads13	REF_Solicoccozyma_PZ575884.1	96.190	105	27	4.88e-45
ASV_3fe1fce8_reads13	REF_Solicoccozyma_PZ690149.1	96.190	105	27	4.88e-45
ASV_ffd8286f_reads13	REF_Hannaella_PZ689361.1	90.476	105	27	5.07e-35
ASV_32ff51ed_reads10	REF_Hannaella_PZ689361.1	94.030	67	18	6.42e-24
ASV_790b12ee_reads9	REF_Hannaella_PZ689361.1	95.652	69	19	1.01e-26
ASV_2380d87d_reads9	REF_Curvibasidium_PV834696.1	89.167	120	29	3.13e-37
ASV_2380d87d_reads9	REF_Curvibasidium_PV834697.1	89.167	120	29	3.13e-37
ASV_2380d87d_reads9	REF_Curvibasidium_PQ097071.1	89.167	120	29	3.13e-37
ASV_2380d87d_reads9	REF_Curvibasidium_PX587028.1	89.167	120	29	3.13e-37
ASV_2380d87d_reads9	REF_Curvibasidium_PX593894.1	89.167	120	29	3.13e-37
ASV_e28b6f17_reads8	REF_Hannaella_PZ689361.1	95.652	69	19	1.03e-26
ASV_68a874f6_reads7	REF_Naganishia_PZ690109.1	90.090	111	32	3.41e-36
ASV_68a874f6_reads7	REF_Hannaella_PX587414.1	88.596	114	33	1.59e-34
ASV_68a874f6_reads7	REF_Hannaella_PZ059708.1	88.596	114	33	1.59e-34
ASV_68a874f6_reads7	REF_Bullera_PV259732.1	89.623	106	31	5.70e-34
ASV_68a874f6_reads7	REF_Hannaella_PX613645.1	89.623	106	31	5.70e-34
ASV_f4dfa3ab_reads7	REF_Filobasidium_PQ350839.1	98.165	109	27	1.42e-50
ASV_f4dfa3ab_reads7	REF_Filobasidium_PQ350844.1	98.165	109	27	1.42e-50
ASV_f4dfa3ab_reads7	REF_Filobasidium_PQ350847.1	98.165	109	27	1.42e-50
ASV_f4dfa3ab_reads7	REF_Filobasidium_PQ350849.1	98.165	109	27	1.42e-50
ASV_f4dfa3ab_reads7	REF_Filobasidium_PP844067.1	98.165	109	27	1.42e-50
ASV_23dd8324_reads5	REF_Vishniacozyma_PQ350716.1	93.600	125	31	6.63e-49
ASV_23dd8324_reads5	REF_Vishniacozyma_PQ350897.1	93.600	125	31	6.63e-49
ASV_23dd8324_reads5	REF_Vishniacozyma_PQ350714.1	92.800	125	31	3.08e-47
ASV_23dd8324_reads5	REF_Vishniacozyma_PQ350722.1	92.800	125	31	3.08e-47
ASV_23dd8324_reads5	REF_Vishniacozyma_PQ350730.1	92.800	125	31	3.08e-47
ASV_ac4a686f_reads5	REF_Filobasidium_PQ350839.1	97.222	108	26	2.40e-48
ASV_ac4a686f_reads5	REF_Filobasidium_PQ350844.1	97.222	108	26	2.40e-48
ASV_ac4a686f_reads5	REF_Filobasidium_PQ350847.1	97.222	108	26	2.40e-48
ASV_ac4a686f_reads5	REF_Filobasidium_PQ350849.1	97.222	108	26	2.40e-48
ASV_ac4a686f_reads5	REF_Filobasidium_PP844067.1	97.222	108	26	2.40e-48
ASV_d4f8e0b2_reads4	REF_Hannaella_PZ689361.1	87.288	118	30	2.99e-32
ASV_f3564bc7_reads4	REF_Naganishia_PP844145.1	93.000	100	27	2.80e-37
ASV_f3564bc7_reads4	REF_Naganishia_PP844183.1	93.000	100	27	2.80e-37
ASV_f3564bc7_reads4	REF_Naganishia_PP844190.1	93.000	100	27	2.80e-37
ASV_f3564bc7_reads4	REF_Naganishia_PP844201.1	93.000	100	27	2.80e-37
ASV_f3564bc7_reads4	REF_Naganishia_PP844255.1	93.000	100	27	2.80e-37
ASV_2141f646_reads4	REF_Hannaella_PZ689361.1	95.652	69	19	1.03e-26
ASV_f709d341_reads4	REF_Dioszegia_PV682905.1	95.522	67	19	1.29e-25
ASV_f709d341_reads4	REF_Dioszegia_PV682919.1	95.522	67	19	1.29e-25
ASV_f709d341_reads4	REF_Dioszegia_PZ444491.1	95.522	67	19	1.29e-25
ASV_f709d341_reads4	REF_Dioszegia_PX422161.1	100.000	33	9	1.02e-11
ASV_f709d341_reads4	REF_Dioszegia_PX421942.1	96.970	33	9	4.73e-10
ASV_f93930c6_reads3	REF_Naganishia_PP844145.1	89.076	119	30	3.06e-37
ASV_f93930c6_reads3	REF_Naganishia_PP844183.1	89.076	119	30	3.06e-37
ASV_f93930c6_reads3	REF_Naganishia_PP844190.1	89.076	119	30	3.06e-37
ASV_f93930c6_reads3	REF_Naganishia_PP844201.1	89.076	119	30	3.06e-37
ASV_f93930c6_reads3	REF_Naganishia_PP844255.1	95.604	91	23	3.06e-37
ASV_676c20ba_reads3	REF_Hannaella_PZ689361.1	91.304	69	19	1.01e-21
ASV_f9d51aca_reads3	REF_Naganishia_PZ690109.1	90.090	111	33	3.33e-36
ASV_f9d51aca_reads3	REF_Hannaella_PX587414.1	88.596	114	34	1.55e-34
ASV_f9d51aca_reads3	REF_Hannaella_PZ059708.1	88.596	114	34	1.55e-34
ASV_f9d51aca_reads3	REF_Bullera_PV259732.1	89.623	106	32	5.58e-34
ASV_f9d51aca_reads3	REF_Hannaella_PX613645.1	89.623	106	32	5.58e-34
ASV_76ad754a_reads3	REF_Hannaella_PZ689361.1	94.118	68	18	6.39e-24
ASV_83ab6f6d_reads2	REF_Filobasidium_PQ350844.1	90.244	123	34	3.61e-41
ASV_83ab6f6d_reads2	REF_Filobasidium_PQ350847.1	90.244	123	34	3.61e-41
ASV_83ab6f6d_reads2	REF_Filobasidium_PP844067.1	90.244	123	34	3.61e-41
ASV_83ab6f6d_reads2	REF_Filobasidium_PP844131.1	90.244	123	34	3.61e-41
ASV_83ab6f6d_reads2	REF_Filobasidium_PP844352.1	90.244	123	34	3.61e-41
ASV_aa120699_reads2	REF_Hannaella_PZ689361.1	88.785	107	26	1.12e-31
ASV_ac534075_reads2	REF_Naganishia_PP844145.1	93.388	121	42	1.09e-46
ASV_ac534075_reads2	REF_Naganishia_PP844145.1	97.778	45	42	4.07e-16
ASV_ac534075_reads2	REF_Naganishia_PP844183.1	93.388	121	30	1.09e-46
ASV_ac534075_reads2	REF_Naganishia_PP844190.1	93.388	121	41	1.09e-46
ASV_ac534075_reads2	REF_Naganishia_PP844190.1	97.561	41	41	6.82e-14
ASV_ac534075_reads2	REF_Naganishia_PP844201.1	93.388	121	30	1.09e-46
ASV_ac534075_reads2	REF_Naganishia_PP844265.1	93.388	121	30	1.09e-46
ASV_09e1f7d7_reads1	REF_Filobasidium_PQ350839.1	96.296	108	26	1.12e-46
ASV_09e1f7d7_reads1	REF_Filobasidium_PQ350844.1	96.296	108	26	1.12e-46
ASV_09e1f7d7_reads1	REF_Filobasidium_PQ350847.1	96.296	108	26	1.12e-46
ASV_09e1f7d7_reads1	REF_Filobasidium_PQ350849.1	96.296	108	26	1.12e-46
ASV_09e1f7d7_reads1	REF_Filobasidium_PP844067.1	96.296	108	26	1.12e-46
