ASV_976ad936_reads278643	REF_Filobasidium_PP844358.1	85.507	276	73	3.46e-76	276
ASV_976ad936_reads278643	REF_Solicoccozyma_PZ575883.1	79.420	379	100	2.71e-67	246
ASV_976ad936_reads278643	REF_Filobasidium_PQ350839.1	83.333	276	73	3.51e-66	243
ASV_976ad936_reads278643	REF_Filobasidium_PQ350839.1	100.000	31	8	1.36e-10	58.4
ASV_976ad936_reads278643	REF_Filobasidium_PQ350849.1	83.333	276	73	3.51e-66	243
ASV_976ad936_reads278643	REF_Solicoccozyma_PZ690149.1	79.177	389	100	1.26e-65	241
ASV_976ad936_reads278643	REF_Solicoccozyma_PZ444460.1	79.177	389	100	4.54e-65	239
ASV_976ad936_reads278643	REF_Solicoccozyma_PZ444463.1	79.177	389	100	4.54e-65	239
ASV_976ad936_reads278643	REF_Filobasidium_PQ350844.1	82.909	275	73	1.63e-64	237
ASV_976ad936_reads278643	REF_Filobasidium_PQ350847.1	82.909	275	73	1.63e-64	237
ASV_976ad936_reads278643	REF_Filobasidium_PP844067.1	82.609	276	73	2.11e-63	233
ASV_976ad936_reads278643	REF_Filobasidium_PP844131.1	82.609	276	73	2.11e-63	233
ASV_976ad936_reads278643	REF_Filobasidium_PP844361.1	82.609	276	73	2.11e-63	233
ASV_976ad936_reads278643	REF_Filobasidium_PP844371.1	82.609	276	73	2.11e-63	233
ASV_976ad936_reads278643	REF_Filobasidium_PP844378.1	82.609	276	73	2.11e-63	233
ASV_976ad936_reads278643	REF_Filobasidium_PP844381.1	82.609	276	73	2.11e-63	233
ASV_976ad936_reads278643	REF_Filobasidium_PP844391.1	82.609	276	73	2.11e-63	233
ASV_976ad936_reads278643	REF_Filobasidium_PP844395.1	82.609	276	73	2.11e-63	233
ASV_976ad936_reads278643	REF_Filobasidium_PP844406.1	82.609	276	73	2.11e-63	233
ASV_976ad936_reads278643	REF_Filobasidium_PP844421.1	82.609	276	73	2.11e-63	233
ASV_976ad936_reads278643	REF_Filobasidium_PP844422.1	82.609	276	73	2.11e-63	233
ASV_9beca850_reads156355	REF_Filobasidium_PP844358.1	85.507	276	73	3.47e-76	276
ASV_9beca850_reads156355	REF_Solicoccozyma_PZ575883.1	79.474	380	100	2.72e-67	246
ASV_9beca850_reads156355	REF_Filobasidium_PQ350839.1	83.333	276	73	3.52e-66	243
ASV_9beca850_reads156355	REF_Filobasidium_PQ350839.1	100.000	31	8	1.37e-10	58.4
ASV_9beca850_reads156355	REF_Filobasidium_PQ350849.1	83.333	276	73	3.52e-66	243
ASV_9beca850_reads156355	REF_Solicoccozyma_PZ444460.1	79.231	390	100	1.26e-65	241
ASV_9beca850_reads156355	REF_Solicoccozyma_PZ444463.1	79.231	390	100	1.26e-65	241
ASV_9beca850_reads156355	REF_Solicoccozyma_PZ690149.1	79.231	390	100	1.26e-65	241
ASV_9beca850_reads156355	REF_Filobasidium_PQ350844.1	82.909	275	73	1.64e-64	237
ASV_9beca850_reads156355	REF_Filobasidium_PQ350847.1	82.909	275	73	1.64e-64	237
ASV_9beca850_reads156355	REF_Filobasidium_PP844067.1	82.609	276	73	2.12e-63	233
ASV_9beca850_reads156355	REF_Filobasidium_PP844131.1	82.609	276	73	2.12e-63	233
ASV_9beca850_reads156355	REF_Filobasidium_PP844361.1	82.609	276	73	2.12e-63	233
ASV_9beca850_reads156355	REF_Filobasidium_PP844371.1	82.609	276	73	2.12e-63	233
ASV_9beca850_reads156355	REF_Filobasidium_PP844378.1	82.609	276	73	2.12e-63	233
ASV_9beca850_reads156355	REF_Filobasidium_PP844381.1	82.609	276	73	2.12e-63	233
ASV_9beca850_reads156355	REF_Filobasidium_PP844391.1	82.609	276	73	2.12e-63	233
ASV_9beca850_reads156355	REF_Filobasidium_PP844395.1	82.609	276	73	2.12e-63	233
ASV_9beca850_reads156355	REF_Filobasidium_PP844406.1	82.609	276	73	2.12e-63	233
ASV_9beca850_reads156355	REF_Filobasidium_PP844421.1	82.609	276	73	2.12e-63	233
ASV_9beca850_reads156355	REF_Filobasidium_PP844422.1	82.609	276	73	2.12e-63	233
ASV_64ed2f20_reads121713	REF_Filobasidium_PP844358.1	85.507	276	73	3.47e-76	276
ASV_64ed2f20_reads121713	REF_Filobasidium_PQ350839.1	83.333	276	73	3.52e-66	243
ASV_64ed2f20_reads121713	REF_Filobasidium_PQ350839.1	100.000	31	8	1.37e-10	58.4
ASV_64ed2f20_reads121713	REF_Filobasidium_PQ350849.1	83.333	276	73	3.52e-66	243
ASV_64ed2f20_reads121713	REF_Solicoccozyma_PZ575883.1	79.211	380	100	1.26e-65	241
ASV_64ed2f20_reads121713	REF_Filobasidium_PQ350844.1	82.909	275	73	1.64e-64	237
ASV_64ed2f20_reads121713	REF_Filobasidium_PQ350847.1	82.909	275	73	1.64e-64	237
ASV_64ed2f20_reads121713	REF_Solicoccozyma_PZ444460.1	78.974	390	100	5.88e-64	235
ASV_64ed2f20_reads121713	REF_Solicoccozyma_PZ444463.1	78.974	390	100	5.88e-64	235
ASV_64ed2f20_reads121713	REF_Solicoccozyma_PZ690149.1	78.974	390	100	5.88e-64	235
ASV_64ed2f20_reads121713	REF_Filobasidium_PP844067.1	82.609	276	73	2.12e-63	233
ASV_64ed2f20_reads121713	REF_Filobasidium_PP844131.1	82.609	276	73	2.12e-63	233
ASV_64ed2f20_reads121713	REF_Filobasidium_PP844361.1	82.609	276	73	2.12e-63	233
ASV_64ed2f20_reads121713	REF_Filobasidium_PP844371.1	82.609	276	73	2.12e-63	233
ASV_64ed2f20_reads121713	REF_Filobasidium_PP844378.1	82.609	276	73	2.12e-63	233
ASV_64ed2f20_reads121713	REF_Filobasidium_PP844381.1	82.609	276	73	2.12e-63	233
ASV_64ed2f20_reads121713	REF_Filobasidium_PP844391.1	82.609	276	73	2.12e-63	233
ASV_64ed2f20_reads121713	REF_Filobasidium_PP844395.1	82.609	276	73	2.12e-63	233
ASV_64ed2f20_reads121713	REF_Filobasidium_PP844406.1	82.609	276	73	2.12e-63	233
ASV_64ed2f20_reads121713	REF_Filobasidium_PP844421.1	82.609	276	73	2.12e-63	233
ASV_64ed2f20_reads121713	REF_Filobasidium_PP844422.1	82.609	276	73	2.12e-63	233
ASV_a23ce701_reads18251	REF_Filobasidium_PP844358.1	85.507	276	73	3.46e-76	276
ASV_a23ce701_reads18251	REF_Solicoccozyma_PZ575883.1	79.420	379	100	2.71e-67	246
ASV_a23ce701_reads18251	REF_Filobasidium_PQ350839.1	83.333	276	73	3.51e-66	243
ASV_a23ce701_reads18251	REF_Filobasidium_PQ350839.1	100.000	31	8	1.36e-10	58.4
ASV_a23ce701_reads18251	REF_Filobasidium_PQ350849.1	83.333	276	73	3.51e-66	243
ASV_a23ce701_reads18251	REF_Solicoccozyma_PZ690149.1	79.177	389	100	1.26e-65	241
ASV_a23ce701_reads18251	REF_Solicoccozyma_PZ444460.1	79.177	389	100	4.54e-65	239
ASV_a23ce701_reads18251	REF_Solicoccozyma_PZ444463.1	79.177	389	100	4.54e-65	239
ASV_a23ce701_reads18251	REF_Filobasidium_PQ350844.1	82.909	275	73	1.63e-64	237
ASV_a23ce701_reads18251	REF_Filobasidium_PQ350847.1	82.909	275	73	1.63e-64	237
ASV_a23ce701_reads18251	REF_Filobasidium_PP844067.1	82.609	276	73	2.11e-63	233
ASV_a23ce701_reads18251	REF_Filobasidium_PP844131.1	82.609	276	73	2.11e-63	233
ASV_a23ce701_reads18251	REF_Filobasidium_PP844361.1	82.609	276	73	2.11e-63	233
ASV_a23ce701_reads18251	REF_Filobasidium_PP844371.1	82.609	276	73	2.11e-63	233
ASV_a23ce701_reads18251	REF_Filobasidium_PP844378.1	82.609	276	73	2.11e-63	233
ASV_a23ce701_reads18251	REF_Filobasidium_PP844381.1	82.609	276	73	2.11e-63	233
ASV_a23ce701_reads18251	REF_Filobasidium_PP844391.1	82.609	276	73	2.11e-63	233
ASV_a23ce701_reads18251	REF_Filobasidium_PP844395.1	82.609	276	73	2.11e-63	233
ASV_a23ce701_reads18251	REF_Filobasidium_PP844406.1	82.609	276	73	2.11e-63	233
ASV_a23ce701_reads18251	REF_Filobasidium_PP844421.1	82.609	276	73	2.11e-63	233
ASV_a23ce701_reads18251	REF_Filobasidium_PP844422.1	82.609	276	73	2.11e-63	233
ASV_acb3df07_reads14593	REF_Filobasidium_PP844358.1	85.507	276	73	3.47e-76	276
ASV_acb3df07_reads14593	REF_Filobasidium_PQ350839.1	83.333	276	73	3.52e-66	243
ASV_acb3df07_reads14593	REF_Filobasidium_PQ350839.1	100.000	31	8	1.37e-10	58.4
ASV_acb3df07_reads14593	REF_Filobasidium_PQ350849.1	83.333	276	73	3.52e-66	243
ASV_acb3df07_reads14593	REF_Solicoccozyma_PZ575883.1	79.211	380	100	1.26e-65	241
ASV_acb3df07_reads14593	REF_Filobasidium_PQ350844.1	82.909	275	73	1.64e-64	237
ASV_acb3df07_reads14593	REF_Filobasidium_PQ350847.1	82.909	275	73	1.64e-64	237
ASV_acb3df07_reads14593	REF_Solicoccozyma_PZ444460.1	78.974	390	100	5.88e-64	235
ASV_acb3df07_reads14593	REF_Solicoccozyma_PZ444463.1	78.974	390	100	5.88e-64	235
ASV_acb3df07_reads14593	REF_Solicoccozyma_PZ690149.1	78.974	390	100	5.88e-64	235
ASV_acb3df07_reads14593	REF_Filobasidium_PP844067.1	82.609	276	73	2.12e-63	233
ASV_acb3df07_reads14593	REF_Filobasidium_PP844131.1	82.609	276	73	2.12e-63	233
ASV_acb3df07_reads14593	REF_Filobasidium_PP844361.1	82.609	276	73	2.12e-63	233
ASV_acb3df07_reads14593	REF_Filobasidium_PP844371.1	82.609	276	73	2.12e-63	233
ASV_acb3df07_reads14593	REF_Filobasidium_PP844378.1	82.609	276	73	2.12e-63	233
ASV_acb3df07_reads14593	REF_Filobasidium_PP844381.1	82.609	276	73	2.12e-63	233
ASV_acb3df07_reads14593	REF_Filobasidium_PP844391.1	82.609	276	73	2.12e-63	233
ASV_acb3df07_reads14593	REF_Filobasidium_PP844395.1	82.609	276	73	2.12e-63	233
ASV_acb3df07_reads14593	REF_Filobasidium_PP844406.1	82.609	276	73	2.12e-63	233
ASV_acb3df07_reads14593	REF_Filobasidium_PP844421.1	82.609	276	73	2.12e-63	233
ASV_acb3df07_reads14593	REF_Filobasidium_PP844422.1	82.609	276	73	2.12e-63	233
ASV_9e836b53_reads10534	REF_Filobasidium_PP844358.1	85.507	276	73	3.47e-76	276
ASV_9e836b53_reads10534	REF_Solicoccozyma_PZ575883.1	79.474	380	100	2.72e-67	246
ASV_9e836b53_reads10534	REF_Filobasidium_PQ350839.1	83.333	276	73	3.52e-66	243
ASV_9e836b53_reads10534	REF_Filobasidium_PQ350839.1	100.000	31	8	1.37e-10	58.4
ASV_9e836b53_reads10534	REF_Filobasidium_PQ350849.1	83.333	276	73	3.52e-66	243
ASV_9e836b53_reads10534	REF_Solicoccozyma_PZ444460.1	79.231	390	100	1.26e-65	241
ASV_9e836b53_reads10534	REF_Solicoccozyma_PZ444463.1	79.231	390	100	1.26e-65	241
ASV_9e836b53_reads10534	REF_Solicoccozyma_PZ690149.1	79.231	390	100	1.26e-65	241
ASV_9e836b53_reads10534	REF_Filobasidium_PQ350844.1	82.909	275	73	1.64e-64	237
ASV_9e836b53_reads10534	REF_Filobasidium_PQ350847.1	82.909	275	73	1.64e-64	237
ASV_9e836b53_reads10534	REF_Filobasidium_PP844067.1	82.609	276	73	2.12e-63	233
ASV_9e836b53_reads10534	REF_Filobasidium_PP844131.1	82.609	276	73	2.12e-63	233
ASV_9e836b53_reads10534	REF_Filobasidium_PP844361.1	82.609	276	73	2.12e-63	233
ASV_9e836b53_reads10534	REF_Filobasidium_PP844371.1	82.609	276	73	2.12e-63	233
ASV_9e836b53_reads10534	REF_Filobasidium_PP844378.1	82.609	276	73	2.12e-63	233
ASV_9e836b53_reads10534	REF_Filobasidium_PP844381.1	82.609	276	73	2.12e-63	233
ASV_9e836b53_reads10534	REF_Filobasidium_PP844391.1	82.609	276	73	2.12e-63	233
ASV_9e836b53_reads10534	REF_Filobasidium_PP844395.1	82.609	276	73	2.12e-63	233
ASV_9e836b53_reads10534	REF_Filobasidium_PP844406.1	82.609	276	73	2.12e-63	233
ASV_9e836b53_reads10534	REF_Filobasidium_PP844421.1	82.609	276	73	2.12e-63	233
ASV_9e836b53_reads10534	REF_Filobasidium_PP844422.1	82.609	276	73	2.12e-63	233
ASV_da2d6ae3_reads9993	REF_Filobasidium_PP844358.1	85.145	276	73	1.61e-74	270
ASV_da2d6ae3_reads9993	REF_Solicoccozyma_PZ575883.1	79.156	379	100	1.26e-65	241
ASV_da2d6ae3_reads9993	REF_Filobasidium_PQ350839.1	82.971	276	73	1.63e-64	237
ASV_da2d6ae3_reads9993	REF_Filobasidium_PQ350839.1	100.000	31	8	1.36e-10	58.4
ASV_da2d6ae3_reads9993	REF_Filobasidium_PQ350849.1	82.971	276	73	1.63e-64	237
ASV_da2d6ae3_reads9993	REF_Solicoccozyma_PZ690149.1	78.920	389	100	5.87e-64	235
ASV_da2d6ae3_reads9993	REF_Solicoccozyma_PZ444460.1	78.920	389	100	2.11e-63	233
ASV_da2d6ae3_reads9993	REF_Solicoccozyma_PZ444463.1	78.920	389	100	2.11e-63	233
ASV_da2d6ae3_reads9993	REF_Filobasidium_PQ350844.1	82.545	275	73	7.59e-63	231
ASV_da2d6ae3_reads9993	REF_Filobasidium_PQ350847.1	82.545	275	73	7.59e-63	231
ASV_da2d6ae3_reads9993	REF_Filobasidium_PP844067.1	82.246	276	73	9.82e-62	228
ASV_da2d6ae3_reads9993	REF_Filobasidium_PP844131.1	82.246	276	73	9.82e-62	228
ASV_da2d6ae3_reads9993	REF_Filobasidium_PP844361.1	82.246	276	73	9.82e-62	228
ASV_da2d6ae3_reads9993	REF_Filobasidium_PP844371.1	82.246	276	73	9.82e-62	228
ASV_da2d6ae3_reads9993	REF_Filobasidium_PP844378.1	82.246	276	73	9.82e-62	228
ASV_da2d6ae3_reads9993	REF_Filobasidium_PP844381.1	82.246	276	73	9.82e-62	228
ASV_da2d6ae3_reads9993	REF_Filobasidium_PP844391.1	82.246	276	73	9.82e-62	228
ASV_da2d6ae3_reads9993	REF_Filobasidium_PP844395.1	82.246	276	73	9.82e-62	228
ASV_da2d6ae3_reads9993	REF_Filobasidium_PP844406.1	82.246	276	73	9.82e-62	228
ASV_da2d6ae3_reads9993	REF_Filobasidium_PP844421.1	82.246	276	73	9.82e-62	228
ASV_da2d6ae3_reads9993	REF_Filobasidium_PP844422.1	82.246	276	73	9.82e-62	228
ASV_60479297_reads8983	REF_Filobasidium_PP844358.1	85.507	276	73	3.47e-76	276
ASV_60479297_reads8983	REF_Solicoccozyma_PZ575883.1	79.528	381	100	2.72e-67	246
ASV_60479297_reads8983	REF_Filobasidium_PQ350839.1	83.333	276	73	3.52e-66	243
ASV_60479297_reads8983	REF_Filobasidium_PQ350839.1	100.000	31	8	1.37e-10	58.4
ASV_60479297_reads8983	REF_Filobasidium_PQ350849.1	83.333	276	73	3.52e-66	243
ASV_60479297_reads8983	REF_Solicoccozyma_PZ444460.1	79.231	390	100	1.26e-65	241
ASV_60479297_reads8983	REF_Solicoccozyma_PZ444463.1	79.231	390	100	1.26e-65	241
ASV_60479297_reads8983	REF_Solicoccozyma_PZ690149.1	79.231	390	100	1.26e-65	241
ASV_60479297_reads8983	REF_Filobasidium_PQ350844.1	82.909	275	73	1.64e-64	237
ASV_60479297_reads8983	REF_Filobasidium_PQ350847.1	82.909	275	73	1.64e-64	237
ASV_60479297_reads8983	REF_Filobasidium_PP844067.1	82.609	276	73	2.12e-63	233
ASV_60479297_reads8983	REF_Filobasidium_PP844131.1	82.609	276	73	2.12e-63	233
ASV_60479297_reads8983	REF_Filobasidium_PP844361.1	82.609	276	73	2.12e-63	233
ASV_60479297_reads8983	REF_Filobasidium_PP844371.1	82.609	276	73	2.12e-63	233
ASV_60479297_reads8983	REF_Filobasidium_PP844378.1	82.609	276	73	2.12e-63	233
ASV_60479297_reads8983	REF_Filobasidium_PP844381.1	82.609	276	73	2.12e-63	233
ASV_60479297_reads8983	REF_Filobasidium_PP844391.1	82.609	276	73	2.12e-63	233
ASV_60479297_reads8983	REF_Filobasidium_PP844395.1	82.609	276	73	2.12e-63	233
ASV_60479297_reads8983	REF_Filobasidium_PP844406.1	82.609	276	73	2.12e-63	233
ASV_60479297_reads8983	REF_Filobasidium_PP844421.1	82.609	276	73	2.12e-63	233
ASV_60479297_reads8983	REF_Filobasidium_PP844422.1	82.609	276	73	2.12e-63	233
ASV_a624f9a1_reads5075	REF_Filobasidium_PP844358.1	85.507	276	73	3.47e-76	276
ASV_a624f9a1_reads5075	REF_Filobasidium_PQ350839.1	83.333	276	73	3.52e-66	243
ASV_a624f9a1_reads5075	REF_Filobasidium_PQ350839.1	100.000	31	8	1.37e-10	58.4
ASV_a624f9a1_reads5075	REF_Filobasidium_PQ350849.1	83.333	276	73	3.52e-66	243
ASV_a624f9a1_reads5075	REF_Filobasidium_PQ350844.1	82.909	275	73	1.64e-64	237
ASV_a624f9a1_reads5075	REF_Filobasidium_PQ350847.1	82.909	275	73	1.64e-64	237
ASV_a624f9a1_reads5075	REF_Solicoccozyma_PZ575883.1	78.947	380	100	5.88e-64	235
ASV_a624f9a1_reads5075	REF_Filobasidium_PP844067.1	82.609	276	73	2.12e-63	233
ASV_a624f9a1_reads5075	REF_Filobasidium_PP844131.1	82.609	276	73	2.12e-63	233
ASV_a624f9a1_reads5075	REF_Filobasidium_PP844361.1	82.609	276	73	2.12e-63	233
ASV_a624f9a1_reads5075	REF_Filobasidium_PP844371.1	82.609	276	73	2.12e-63	233
ASV_a624f9a1_reads5075	REF_Filobasidium_PP844378.1	82.609	276	73	2.12e-63	233
ASV_a624f9a1_reads5075	REF_Filobasidium_PP844381.1	82.609	276	73	2.12e-63	233
ASV_a624f9a1_reads5075	REF_Filobasidium_PP844391.1	82.609	276	73	2.12e-63	233
ASV_a624f9a1_reads5075	REF_Filobasidium_PP844395.1	82.609	276	73	2.12e-63	233
ASV_a624f9a1_reads5075	REF_Filobasidium_PP844406.1	82.609	276	73	2.12e-63	233
ASV_a624f9a1_reads5075	REF_Filobasidium_PP844421.1	82.609	276	73	2.12e-63	233
ASV_a624f9a1_reads5075	REF_Filobasidium_PP844422.1	82.609	276	73	2.12e-63	233
ASV_a624f9a1_reads5075	REF_Filobasidium_PP844450.1	82.609	276	73	2.12e-63	233
ASV_a624f9a1_reads5075	REF_Solicoccozyma_PZ444460.1	78.718	390	100	2.74e-62	230
ASV_a624f9a1_reads5075	REF_Solicoccozyma_PZ444463.1	78.718	390	100	2.74e-62	230
ASV_263b1aff_reads3841	REF_Filobasidium_PP844358.1	85.145	276	73	1.61e-74	270
ASV_263b1aff_reads3841	REF_Solicoccozyma_PZ444460.1	79.231	390	100	1.26e-65	241
ASV_263b1aff_reads3841	REF_Solicoccozyma_PZ444463.1	79.231	390	100	1.26e-65	241
ASV_263b1aff_reads3841	REF_Solicoccozyma_PZ690149.1	79.231	390	100	1.26e-65	241
ASV_263b1aff_reads3841	REF_Filobasidium_PQ350839.1	82.971	276	73	1.64e-64	237
ASV_263b1aff_reads3841	REF_Filobasidium_PQ350839.1	100.000	31	8	1.37e-10	58.4
ASV_263b1aff_reads3841	REF_Filobasidium_PQ350849.1	82.971	276	73	1.64e-64	237
ASV_263b1aff_reads3841	REF_Solicoccozyma_PZ575883.1	78.947	380	100	5.88e-64	235
ASV_263b1aff_reads3841	REF_Filobasidium_PQ350844.1	82.545	275	73	7.61e-63	231
ASV_263b1aff_reads3841	REF_Filobasidium_PQ350847.1	82.545	275	73	7.61e-63	231
ASV_263b1aff_reads3841	REF_Filobasidium_PP844067.1	82.246	276	73	9.85e-62	228
ASV_263b1aff_reads3841	REF_Filobasidium_PP844131.1	82.246	276	73	9.85e-62	228
ASV_263b1aff_reads3841	REF_Filobasidium_PP844361.1	82.246	276	73	9.85e-62	228
ASV_263b1aff_reads3841	REF_Filobasidium_PP844371.1	82.246	276	73	9.85e-62	228
ASV_263b1aff_reads3841	REF_Filobasidium_PP844378.1	82.246	276	73	9.85e-62	228
ASV_263b1aff_reads3841	REF_Filobasidium_PP844381.1	82.246	276	73	9.85e-62	228
ASV_263b1aff_reads3841	REF_Filobasidium_PP844391.1	82.246	276	73	9.85e-62	228
ASV_263b1aff_reads3841	REF_Filobasidium_PP844395.1	82.246	276	73	9.85e-62	228
ASV_263b1aff_reads3841	REF_Filobasidium_PP844406.1	82.246	276	73	9.85e-62	228
ASV_263b1aff_reads3841	REF_Filobasidium_PP844421.1	82.246	276	73	9.85e-62	228
ASV_263b1aff_reads3841	REF_Filobasidium_PP844422.1	82.246	276	73	9.85e-62	228
ASV_6f71c818_reads3645	REF_Filobasidium_PP844358.1	85.507	276	73	3.46e-76	276
ASV_6f71c818_reads3645	REF_Solicoccozyma_PZ575883.1	79.420	379	100	2.71e-67	246
ASV_6f71c818_reads3645	REF_Solicoccozyma_PZ690149.1	79.487	390	100	2.71e-67	246
ASV_6f71c818_reads3645	REF_Solicoccozyma_PZ444460.1	79.487	390	100	9.75e-67	244
ASV_6f71c818_reads3645	REF_Solicoccozyma_PZ444463.1	79.487	390	100	9.75e-67	244
ASV_6f71c818_reads3645	REF_Filobasidium_PQ350839.1	83.333	276	73	3.51e-66	243
ASV_6f71c818_reads3645	REF_Filobasidium_PQ350839.1	100.000	31	8	1.36e-10	58.4
ASV_6f71c818_reads3645	REF_Filobasidium_PQ350849.1	83.333	276	73	3.51e-66	243
ASV_6f71c818_reads3645	REF_Filobasidium_PQ350844.1	82.909	275	73	1.63e-64	237
ASV_6f71c818_reads3645	REF_Filobasidium_PQ350847.1	82.909	275	73	1.63e-64	237
ASV_6f71c818_reads3645	REF_Filobasidium_PP844067.1	82.609	276	73	2.11e-63	233
ASV_6f71c818_reads3645	REF_Filobasidium_PP844131.1	82.609	276	73	2.11e-63	233
ASV_6f71c818_reads3645	REF_Filobasidium_PP844361.1	82.609	276	73	2.11e-63	233
ASV_6f71c818_reads3645	REF_Filobasidium_PP844371.1	82.609	276	73	2.11e-63	233
ASV_6f71c818_reads3645	REF_Filobasidium_PP844378.1	82.609	276	73	2.11e-63	233
ASV_6f71c818_reads3645	REF_Filobasidium_PP844381.1	82.609	276	73	2.11e-63	233
ASV_6f71c818_reads3645	REF_Filobasidium_PP844391.1	82.609	276	73	2.11e-63	233
ASV_6f71c818_reads3645	REF_Filobasidium_PP844395.1	82.609	276	73	2.11e-63	233
ASV_6f71c818_reads3645	REF_Filobasidium_PP844406.1	82.609	276	73	2.11e-63	233
ASV_6f71c818_reads3645	REF_Filobasidium_PP844421.1	82.609	276	73	2.11e-63	233
ASV_6f71c818_reads3645	REF_Filobasidium_PP844422.1	82.609	276	73	2.11e-63	233
ASV_defcb0ce_reads3511	REF_Filobasidium_PP844358.1	85.507	276	73	3.47e-76	276
ASV_defcb0ce_reads3511	REF_Filobasidium_PQ350839.1	83.333	276	73	3.52e-66	243
ASV_defcb0ce_reads3511	REF_Filobasidium_PQ350839.1	100.000	31	8	1.37e-10	58.4
ASV_defcb0ce_reads3511	REF_Filobasidium_PQ350849.1	83.333	276	73	3.52e-66	243
ASV_defcb0ce_reads3511	REF_Solicoccozyma_PZ444460.1	79.231	390	100	1.26e-65	241
ASV_defcb0ce_reads3511	REF_Solicoccozyma_PZ444463.1	79.231	390	100	1.26e-65	241
ASV_defcb0ce_reads3511	REF_Solicoccozyma_PZ575883.1	79.265	381	100	1.26e-65	241
ASV_defcb0ce_reads3511	REF_Solicoccozyma_PZ690149.1	79.231	390	100	1.26e-65	241
ASV_defcb0ce_reads3511	REF_Filobasidium_PQ350844.1	82.909	275	73	1.64e-64	237
ASV_defcb0ce_reads3511	REF_Filobasidium_PQ350847.1	82.909	275	73	1.64e-64	237
ASV_defcb0ce_reads3511	REF_Filobasidium_PP844067.1	82.609	276	73	2.12e-63	233
ASV_defcb0ce_reads3511	REF_Filobasidium_PP844131.1	82.609	276	73	2.12e-63	233
ASV_defcb0ce_reads3511	REF_Filobasidium_PP844361.1	82.609	276	73	2.12e-63	233
ASV_defcb0ce_reads3511	REF_Filobasidium_PP844371.1	82.609	276	73	2.12e-63	233
ASV_defcb0ce_reads3511	REF_Filobasidium_PP844378.1	82.609	276	73	2.12e-63	233
ASV_defcb0ce_reads3511	REF_Filobasidium_PP844381.1	82.609	276	73	2.12e-63	233
ASV_defcb0ce_reads3511	REF_Filobasidium_PP844391.1	82.609	276	73	2.12e-63	233
ASV_defcb0ce_reads3511	REF_Filobasidium_PP844395.1	82.609	276	73	2.12e-63	233
ASV_defcb0ce_reads3511	REF_Filobasidium_PP844406.1	82.609	276	73	2.12e-63	233
ASV_defcb0ce_reads3511	REF_Filobasidium_PP844421.1	82.609	276	73	2.12e-63	233
ASV_defcb0ce_reads3511	REF_Filobasidium_PP844422.1	82.609	276	73	2.12e-63	233
ASV_041023c3_reads3369	REF_Filobasidium_PP844358.1	85.507	276	73	3.47e-76	276
ASV_041023c3_reads3369	REF_Filobasidium_PQ350839.1	83.333	276	73	3.52e-66	243
ASV_041023c3_reads3369	REF_Filobasidium_PQ350839.1	100.000	31	8	1.37e-10	58.4
ASV_041023c3_reads3369	REF_Filobasidium_PQ350849.1	83.333	276	73	3.52e-66	243
ASV_041023c3_reads3369	REF_Filobasidium_PQ350844.1	82.909	275	73	1.64e-64	237
ASV_041023c3_reads3369	REF_Filobasidium_PQ350847.1	82.909	275	73	1.64e-64	237
ASV_041023c3_reads3369	REF_Solicoccozyma_PZ575883.1	78.947	380	100	5.88e-64	235
ASV_041023c3_reads3369	REF_Filobasidium_PP844067.1	82.609	276	73	2.12e-63	233
ASV_041023c3_reads3369	REF_Filobasidium_PP844131.1	82.609	276	73	2.12e-63	233
ASV_041023c3_reads3369	REF_Filobasidium_PP844361.1	82.609	276	73	2.12e-63	233
ASV_041023c3_reads3369	REF_Filobasidium_PP844371.1	82.609	276	73	2.12e-63	233
ASV_041023c3_reads3369	REF_Filobasidium_PP844378.1	82.609	276	73	2.12e-63	233
ASV_041023c3_reads3369	REF_Filobasidium_PP844381.1	82.609	276	73	2.12e-63	233
ASV_041023c3_reads3369	REF_Filobasidium_PP844391.1	82.609	276	73	2.12e-63	233
ASV_041023c3_reads3369	REF_Filobasidium_PP844395.1	82.609	276	73	2.12e-63	233
ASV_041023c3_reads3369	REF_Filobasidium_PP844406.1	82.609	276	73	2.12e-63	233
ASV_041023c3_reads3369	REF_Filobasidium_PP844421.1	82.609	276	73	2.12e-63	233
ASV_041023c3_reads3369	REF_Filobasidium_PP844422.1	82.609	276	73	2.12e-63	233
ASV_041023c3_reads3369	REF_Filobasidium_PP844450.1	82.609	276	73	2.12e-63	233
ASV_041023c3_reads3369	REF_Solicoccozyma_PZ444460.1	78.718	390	100	2.74e-62	230
ASV_041023c3_reads3369	REF_Solicoccozyma_PZ444463.1	78.718	390	100	2.74e-62	230
ASV_dac38306_reads2286	REF_Filobasidium_PP844358.1	85.507	276	73	3.47e-76	276
ASV_dac38306_reads2286	REF_Filobasidium_PQ350839.1	83.333	276	73	3.52e-66	243
ASV_dac38306_reads2286	REF_Filobasidium_PQ350839.1	100.000	31	8	1.37e-10	58.4
ASV_dac38306_reads2286	REF_Filobasidium_PQ350849.1	83.333	276	73	3.52e-66	243
ASV_dac38306_reads2286	REF_Solicoccozyma_PZ444460.1	79.231	390	100	1.26e-65	241
ASV_dac38306_reads2286	REF_Solicoccozyma_PZ444463.1	79.231	390	100	1.26e-65	241
ASV_dac38306_reads2286	REF_Solicoccozyma_PZ575883.1	79.265	381	100	1.26e-65	241
ASV_dac38306_reads2286	REF_Solicoccozyma_PZ690149.1	79.231	390	100	1.26e-65	241
ASV_dac38306_reads2286	REF_Filobasidium_PQ350844.1	82.909	275	73	1.64e-64	237
ASV_dac38306_reads2286	REF_Filobasidium_PQ350847.1	82.909	275	73	1.64e-64	237
ASV_dac38306_reads2286	REF_Filobasidium_PP844067.1	82.609	276	73	2.12e-63	233
ASV_dac38306_reads2286	REF_Filobasidium_PP844131.1	82.609	276	73	2.12e-63	233
ASV_dac38306_reads2286	REF_Filobasidium_PP844361.1	82.609	276	73	2.12e-63	233
ASV_dac38306_reads2286	REF_Filobasidium_PP844371.1	82.609	276	73	2.12e-63	233
ASV_dac38306_reads2286	REF_Filobasidium_PP844378.1	82.609	276	73	2.12e-63	233
ASV_dac38306_reads2286	REF_Filobasidium_PP844381.1	82.609	276	73	2.12e-63	233
ASV_dac38306_reads2286	REF_Filobasidium_PP844391.1	82.609	276	73	2.12e-63	233
ASV_dac38306_reads2286	REF_Filobasidium_PP844395.1	82.609	276	73	2.12e-63	233
ASV_dac38306_reads2286	REF_Filobasidium_PP844406.1	82.609	276	73	2.12e-63	233
ASV_dac38306_reads2286	REF_Filobasidium_PP844421.1	82.609	276	73	2.12e-63	233
ASV_dac38306_reads2286	REF_Filobasidium_PP844422.1	82.609	276	73	2.12e-63	233
ASV_b238e7f1_reads910	REF_Filobasidium_PP844358.1	85.507	276	73	3.46e-76	276
ASV_b238e7f1_reads910	REF_Solicoccozyma_PZ690149.1	79.692	389	100	5.83e-69	252
ASV_b238e7f1_reads910	REF_Solicoccozyma_PZ444460.1	79.692	389	100	2.10e-68	250
ASV_b238e7f1_reads910	REF_Solicoccozyma_PZ444463.1	79.692	389	100	2.10e-68	250
ASV_b238e7f1_reads910	REF_Solicoccozyma_PZ575883.1	79.420	379	100	2.71e-67	246
ASV_b238e7f1_reads910	REF_Filobasidium_PQ350839.1	83.333	276	73	3.51e-66	243
ASV_b238e7f1_reads910	REF_Filobasidium_PQ350839.1	100.000	31	8	1.36e-10	58.4
ASV_b238e7f1_reads910	REF_Filobasidium_PQ350849.1	83.333	276	73	3.51e-66	243
ASV_b238e7f1_reads910	REF_Filobasidium_PQ350844.1	82.909	275	73	1.63e-64	237
ASV_b238e7f1_reads910	REF_Filobasidium_PQ350847.1	82.909	275	73	1.63e-64	237
ASV_b238e7f1_reads910	REF_Filobasidium_PP844067.1	82.609	276	73	2.11e-63	233
ASV_b238e7f1_reads910	REF_Filobasidium_PP844131.1	82.609	276	73	2.11e-63	233
ASV_b238e7f1_reads910	REF_Filobasidium_PP844361.1	82.609	276	73	2.11e-63	233
ASV_b238e7f1_reads910	REF_Filobasidium_PP844371.1	82.609	276	73	2.11e-63	233
ASV_b238e7f1_reads910	REF_Filobasidium_PP844378.1	82.609	276	73	2.11e-63	233
ASV_b238e7f1_reads910	REF_Filobasidium_PP844381.1	82.609	276	73	2.11e-63	233
ASV_b238e7f1_reads910	REF_Filobasidium_PP844391.1	82.609	276	73	2.11e-63	233
ASV_b238e7f1_reads910	REF_Filobasidium_PP844395.1	82.609	276	73	2.11e-63	233
ASV_b238e7f1_reads910	REF_Filobasidium_PP844406.1	82.609	276	73	2.11e-63	233
ASV_b238e7f1_reads910	REF_Filobasidium_PP844421.1	82.609	276	73	2.11e-63	233
ASV_b238e7f1_reads910	REF_Filobasidium_PP844422.1	82.609	276	73	2.11e-63	233
ASV_7a86df1e_reads909	REF_Filobasidium_PP844358.1	85.145	276	73	1.61e-74	270
ASV_7a86df1e_reads909	REF_Filobasidium_PQ350839.1	82.971	276	73	1.64e-64	237
ASV_7a86df1e_reads909	REF_Filobasidium_PQ350839.1	100.000	31	8	1.37e-10	58.4
ASV_7a86df1e_reads909	REF_Filobasidium_PQ350849.1	82.971	276	73	1.64e-64	237
ASV_7a86df1e_reads909	REF_Solicoccozyma_PZ575883.1	78.947	380	100	5.88e-64	235
ASV_7a86df1e_reads909	REF_Filobasidium_PQ350844.1	82.545	275	73	7.61e-63	231
ASV_7a86df1e_reads909	REF_Filobasidium_PQ350847.1	82.545	275	73	7.61e-63	231
ASV_7a86df1e_reads909	REF_Solicoccozyma_PZ444460.1	78.718	390	100	2.74e-62	230
ASV_7a86df1e_reads909	REF_Solicoccozyma_PZ444463.1	78.718	390	100	2.74e-62	230
ASV_7a86df1e_reads909	REF_Solicoccozyma_PZ690149.1	78.718	390	100	2.74e-62	230
ASV_7a86df1e_reads909	REF_Filobasidium_PP844067.1	82.246	276	73	9.85e-62	228
ASV_7a86df1e_reads909	REF_Filobasidium_PP844131.1	82.246	276	73	9.85e-62	228
ASV_7a86df1e_reads909	REF_Filobasidium_PP844361.1	82.246	276	73	9.85e-62	228
ASV_7a86df1e_reads909	REF_Filobasidium_PP844371.1	82.246	276	73	9.85e-62	228
ASV_7a86df1e_reads909	REF_Filobasidium_PP844378.1	82.246	276	73	9.85e-62	228
ASV_7a86df1e_reads909	REF_Filobasidium_PP844381.1	82.246	276	73	9.85e-62	228
ASV_7a86df1e_reads909	REF_Filobasidium_PP844391.1	82.246	276	73	9.85e-62	228
ASV_7a86df1e_reads909	REF_Filobasidium_PP844395.1	82.246	276	73	9.85e-62	228
ASV_7a86df1e_reads909	REF_Filobasidium_PP844406.1	82.246	276	73	9.85e-62	228
ASV_7a86df1e_reads909	REF_Filobasidium_PP844421.1	82.246	276	73	9.85e-62	228
ASV_7a86df1e_reads909	REF_Filobasidium_PP844422.1	82.246	276	73	9.85e-62	228
ASV_b4195e23_reads529	REF_Filobasidium_PP844358.1	85.507	276	73	3.46e-76	276
ASV_b4195e23_reads529	REF_Solicoccozyma_PZ575883.1	79.474	380	100	2.71e-67	246
ASV_b4195e23_reads529	REF_Filobasidium_PQ350839.1	83.333	276	73	3.51e-66	243
ASV_b4195e23_reads529	REF_Filobasidium_PQ350839.1	100.000	31	8	1.36e-10	58.4
ASV_b4195e23_reads529	REF_Filobasidium_PQ350849.1	83.333	276	73	3.51e-66	243
ASV_b4195e23_reads529	REF_Solicoccozyma_PZ690149.1	79.231	390	100	1.26e-65	241
ASV_b4195e23_reads529	REF_Solicoccozyma_PZ444460.1	79.231	390	100	4.54e-65	239
ASV_b4195e23_reads529	REF_Solicoccozyma_PZ444463.1	79.231	390	100	4.54e-65	239
ASV_b4195e23_reads529	REF_Filobasidium_PQ350844.1	82.909	275	73	1.63e-64	237
ASV_b4195e23_reads529	REF_Filobasidium_PQ350847.1	82.909	275	73	1.63e-64	237
ASV_b4195e23_reads529	REF_Filobasidium_PP844067.1	82.609	276	73	2.11e-63	233
ASV_b4195e23_reads529	REF_Filobasidium_PP844131.1	82.609	276	73	2.11e-63	233
ASV_b4195e23_reads529	REF_Filobasidium_PP844361.1	82.609	276	73	2.11e-63	233
ASV_b4195e23_reads529	REF_Filobasidium_PP844371.1	82.609	276	73	2.11e-63	233
ASV_b4195e23_reads529	REF_Filobasidium_PP844378.1	82.609	276	73	2.11e-63	233
ASV_b4195e23_reads529	REF_Filobasidium_PP844381.1	82.609	276	73	2.11e-63	233
ASV_b4195e23_reads529	REF_Filobasidium_PP844391.1	82.609	276	73	2.11e-63	233
ASV_b4195e23_reads529	REF_Filobasidium_PP844395.1	82.609	276	73	2.11e-63	233
ASV_b4195e23_reads529	REF_Filobasidium_PP844406.1	82.609	276	73	2.11e-63	233
ASV_b4195e23_reads529	REF_Filobasidium_PP844421.1	82.609	276	73	2.11e-63	233
ASV_b4195e23_reads529	REF_Filobasidium_PP844422.1	82.609	276	73	2.11e-63	233
ASV_82f3de1d_reads506	REF_Filobasidium_PP844358.1	85.507	276	72	3.48e-76	276
ASV_82f3de1d_reads506	REF_Solicoccozyma_PZ575883.1	79.211	380	100	3.53e-66	243
ASV_82f3de1d_reads506	REF_Filobasidium_PQ350839.1	83.333	276	72	3.53e-66	243
ASV_82f3de1d_reads506	REF_Filobasidium_PQ350839.1	100.000	31	8	1.37e-10	58.4
ASV_82f3de1d_reads506	REF_Filobasidium_PQ350849.1	83.333	276	72	3.53e-66	243
ASV_82f3de1d_reads506	REF_Solicoccozyma_PZ690149.1	79.028	391	100	1.64e-64	237
ASV_82f3de1d_reads506	REF_Filobasidium_PQ350844.1	82.909	275	72	1.64e-64	237
ASV_82f3de1d_reads506	REF_Filobasidium_PQ350847.1	82.909	275	72	1.64e-64	237
ASV_82f3de1d_reads506	REF_Solicoccozyma_PZ444460.1	79.028	391	100	5.90e-64	235
ASV_82f3de1d_reads506	REF_Solicoccozyma_PZ444463.1	79.028	391	100	5.90e-64	235
ASV_82f3de1d_reads506	REF_Filobasidium_PP844067.1	82.609	276	72	2.12e-63	233
ASV_82f3de1d_reads506	REF_Filobasidium_PP844131.1	82.609	276	72	2.12e-63	233
ASV_82f3de1d_reads506	REF_Filobasidium_PP844361.1	82.609	276	72	2.12e-63	233
ASV_82f3de1d_reads506	REF_Filobasidium_PP844371.1	82.609	276	72	2.12e-63	233
ASV_82f3de1d_reads506	REF_Filobasidium_PP844378.1	82.609	276	72	2.12e-63	233
ASV_82f3de1d_reads506	REF_Filobasidium_PP844381.1	82.609	276	72	2.12e-63	233
ASV_82f3de1d_reads506	REF_Filobasidium_PP844391.1	82.609	276	72	2.12e-63	233
ASV_82f3de1d_reads506	REF_Filobasidium_PP844395.1	82.609	276	72	2.12e-63	233
ASV_82f3de1d_reads506	REF_Filobasidium_PP844406.1	82.609	276	72	2.12e-63	233
ASV_82f3de1d_reads506	REF_Filobasidium_PP844421.1	82.609	276	72	2.12e-63	233
ASV_82f3de1d_reads506	REF_Filobasidium_PP844422.1	82.609	276	72	2.12e-63	233
ASV_d1875b5b_reads450	REF_Filobasidium_PP844358.1	85.145	276	73	1.61e-74	270
ASV_d1875b5b_reads450	REF_Solicoccozyma_PZ575883.1	79.156	379	100	1.26e-65	241
ASV_d1875b5b_reads450	REF_Filobasidium_PQ350839.1	82.971	276	73	1.63e-64	237
ASV_d1875b5b_reads450	REF_Filobasidium_PQ350839.1	100.000	31	8	1.36e-10	58.4
ASV_d1875b5b_reads450	REF_Filobasidium_PQ350849.1	82.971	276	73	1.63e-64	237
ASV_d1875b5b_reads450	REF_Solicoccozyma_PZ690149.1	78.920	389	100	5.87e-64	235
ASV_d1875b5b_reads450	REF_Solicoccozyma_PZ444460.1	78.920	389	100	2.11e-63	233
ASV_d1875b5b_reads450	REF_Solicoccozyma_PZ444463.1	78.920	389	100	2.11e-63	233
ASV_d1875b5b_reads450	REF_Filobasidium_PQ350844.1	82.545	275	73	7.59e-63	231
ASV_d1875b5b_reads450	REF_Filobasidium_PQ350847.1	82.545	275	73	7.59e-63	231
ASV_d1875b5b_reads450	REF_Filobasidium_PP844067.1	82.246	276	73	9.82e-62	228
ASV_d1875b5b_reads450	REF_Filobasidium_PP844131.1	82.246	276	73	9.82e-62	228
ASV_d1875b5b_reads450	REF_Filobasidium_PP844361.1	82.246	276	73	9.82e-62	228
ASV_d1875b5b_reads450	REF_Filobasidium_PP844371.1	82.246	276	73	9.82e-62	228
ASV_d1875b5b_reads450	REF_Filobasidium_PP844378.1	82.246	276	73	9.82e-62	228
ASV_d1875b5b_reads450	REF_Filobasidium_PP844381.1	82.246	276	73	9.82e-62	228
ASV_d1875b5b_reads450	REF_Filobasidium_PP844391.1	82.246	276	73	9.82e-62	228
ASV_d1875b5b_reads450	REF_Filobasidium_PP844395.1	82.246	276	73	9.82e-62	228
ASV_d1875b5b_reads450	REF_Filobasidium_PP844406.1	82.246	276	73	9.82e-62	228
ASV_d1875b5b_reads450	REF_Filobasidium_PP844421.1	82.246	276	73	9.82e-62	228
ASV_d1875b5b_reads450	REF_Filobasidium_PP844422.1	82.246	276	73	9.82e-62	228
ASV_78420c10_reads396	REF_Naganishia_PP844145.1	95.876	97	24	1.43e-40	158
ASV_78420c10_reads396	REF_Naganishia_PP844183.1	95.876	97	24	1.43e-40	158
ASV_78420c10_reads396	REF_Naganishia_PP844190.1	95.876	97	24	1.43e-40	158
ASV_78420c10_reads396	REF_Naganishia_PP844201.1	95.876	97	24	1.43e-40	158
ASV_78420c10_reads396	REF_Naganishia_PP844265.1	95.876	97	24	1.43e-40	158
ASV_78420c10_reads396	REF_Naganishia_PP844281.1	95.876	97	24	1.43e-40	158
ASV_78420c10_reads396	REF_Naganishia_PP844287.1	95.876	97	24	1.43e-40	158
ASV_78420c10_reads396	REF_Naganishia_PP844290.1	95.876	97	24	1.43e-40	158
ASV_78420c10_reads396	REF_Naganishia_PP844293.1	95.876	97	24	1.43e-40	158
ASV_78420c10_reads396	REF_Naganishia_PP844440.1	95.876	97	24	1.43e-40	158
ASV_78420c10_reads396	REF_Cryptococcus_PZ458682.1	95.876	97	24	1.43e-40	158
ASV_78420c10_reads396	REF_Naganishia_PP844255.1	96.739	92	23	1.85e-39	154
ASV_78420c10_reads396	REF_Naganishia_PZ690109.1	94.845	97	24	6.67e-39	152
ASV_78420c10_reads396	REF_Tremella_PZ630574.1	93.814	97	24	3.10e-37	147
ASV_78420c10_reads396	REF_Filobasidium_PQ350839.1	93.814	97	24	3.10e-37	147
ASV_78420c10_reads396	REF_Filobasidium_PQ350844.1	93.814	97	24	3.10e-37	147
ASV_78420c10_reads396	REF_Filobasidium_PQ350847.1	93.814	97	24	3.10e-37	147
ASV_78420c10_reads396	REF_Filobasidium_PQ350849.1	93.814	97	24	3.10e-37	147
ASV_78420c10_reads396	REF_Filobasidium_PQ350851.1	93.814	97	24	3.10e-37	147
ASV_78420c10_reads396	REF_Filobasidium_PQ350880.1	93.814	97	24	3.10e-37	147
ASV_aad6fb6c_reads378	REF_Filobasidium_PP844358.1	85.145	276	73	1.61e-74	270
ASV_aad6fb6c_reads378	REF_Solicoccozyma_PZ575883.1	79.156	379	100	1.26e-65	241
ASV_aad6fb6c_reads378	REF_Filobasidium_PQ350839.1	82.971	276	73	1.63e-64	237
ASV_aad6fb6c_reads378	REF_Filobasidium_PQ350839.1	100.000	31	8	1.36e-10	58.4
ASV_aad6fb6c_reads378	REF_Filobasidium_PQ350849.1	82.971	276	73	1.63e-64	237
ASV_aad6fb6c_reads378	REF_Solicoccozyma_PZ690149.1	78.920	389	100	5.87e-64	235
ASV_aad6fb6c_reads378	REF_Solicoccozyma_PZ444460.1	78.920	389	100	2.11e-63	233
ASV_aad6fb6c_reads378	REF_Solicoccozyma_PZ444463.1	78.920	389	100	2.11e-63	233
ASV_aad6fb6c_reads378	REF_Filobasidium_PQ350844.1	82.545	275	73	7.59e-63	231
ASV_aad6fb6c_reads378	REF_Filobasidium_PQ350847.1	82.545	275	73	7.59e-63	231
ASV_aad6fb6c_reads378	REF_Filobasidium_PP844067.1	82.246	276	73	9.82e-62	228
ASV_aad6fb6c_reads378	REF_Filobasidium_PP844131.1	82.246	276	73	9.82e-62	228
ASV_aad6fb6c_reads378	REF_Filobasidium_PP844361.1	82.246	276	73	9.82e-62	228
ASV_aad6fb6c_reads378	REF_Filobasidium_PP844371.1	82.246	276	73	9.82e-62	228
ASV_aad6fb6c_reads378	REF_Filobasidium_PP844378.1	82.246	276	73	9.82e-62	228
ASV_aad6fb6c_reads378	REF_Filobasidium_PP844381.1	82.246	276	73	9.82e-62	228
ASV_aad6fb6c_reads378	REF_Filobasidium_PP844391.1	82.246	276	73	9.82e-62	228
ASV_aad6fb6c_reads378	REF_Filobasidium_PP844395.1	82.246	276	73	9.82e-62	228
ASV_aad6fb6c_reads378	REF_Filobasidium_PP844406.1	82.246	276	73	9.82e-62	228
ASV_aad6fb6c_reads378	REF_Filobasidium_PP844421.1	82.246	276	73	9.82e-62	228
ASV_aad6fb6c_reads378	REF_Filobasidium_PP844422.1	82.246	276	73	9.82e-62	228
ASV_c7badd36_reads316	REF_Filobasidium_PP844358.1	85.145	276	73	1.61e-74	270
ASV_c7badd36_reads316	REF_Solicoccozyma_PZ575883.1	79.156	379	100	1.26e-65	241
ASV_c7badd36_reads316	REF_Filobasidium_PQ350839.1	82.971	276	73	1.63e-64	237
ASV_c7badd36_reads316	REF_Filobasidium_PQ350839.1	100.000	31	8	1.36e-10	58.4
ASV_c7badd36_reads316	REF_Filobasidium_PQ350849.1	82.971	276	73	1.63e-64	237
ASV_c7badd36_reads316	REF_Solicoccozyma_PZ690149.1	78.920	389	100	5.87e-64	235
ASV_c7badd36_reads316	REF_Solicoccozyma_PZ444460.1	78.920	389	100	2.11e-63	233
ASV_c7badd36_reads316	REF_Solicoccozyma_PZ444463.1	78.920	389	100	2.11e-63	233
ASV_c7badd36_reads316	REF_Filobasidium_PQ350844.1	82.545	275	73	7.59e-63	231
ASV_c7badd36_reads316	REF_Filobasidium_PQ350847.1	82.545	275	73	7.59e-63	231
ASV_c7badd36_reads316	REF_Filobasidium_PP844067.1	82.246	276	73	9.82e-62	228
ASV_c7badd36_reads316	REF_Filobasidium_PP844131.1	82.246	276	73	9.82e-62	228
ASV_c7badd36_reads316	REF_Filobasidium_PP844361.1	82.246	276	73	9.82e-62	228
ASV_c7badd36_reads316	REF_Filobasidium_PP844371.1	82.246	276	73	9.82e-62	228
ASV_c7badd36_reads316	REF_Filobasidium_PP844378.1	82.246	276	73	9.82e-62	228
ASV_c7badd36_reads316	REF_Filobasidium_PP844381.1	82.246	276	73	9.82e-62	228
ASV_c7badd36_reads316	REF_Filobasidium_PP844391.1	82.246	276	73	9.82e-62	228
ASV_c7badd36_reads316	REF_Filobasidium_PP844395.1	82.246	276	73	9.82e-62	228
ASV_c7badd36_reads316	REF_Filobasidium_PP844406.1	82.246	276	73	9.82e-62	228
ASV_c7badd36_reads316	REF_Filobasidium_PP844421.1	82.246	276	73	9.82e-62	228
ASV_c7badd36_reads316	REF_Filobasidium_PP844422.1	82.246	276	73	9.82e-62	228
ASV_3873ba42_reads272	REF_Filobasidium_PP844358.1	85.507	276	73	3.46e-76	276
ASV_3873ba42_reads272	REF_Solicoccozyma_PZ575883.1	79.420	379	100	2.71e-67	246
ASV_3873ba42_reads272	REF_Filobasidium_PQ350839.1	83.333	276	73	3.51e-66	243
ASV_3873ba42_reads272	REF_Filobasidium_PQ350839.1	100.000	31	8	1.36e-10	58.4
ASV_3873ba42_reads272	REF_Filobasidium_PQ350849.1	83.333	276	73	3.51e-66	243
ASV_3873ba42_reads272	REF_Filobasidium_PQ350844.1	82.909	275	73	1.63e-64	237
ASV_3873ba42_reads272	REF_Filobasidium_PQ350847.1	82.909	275	73	1.63e-64	237
ASV_3873ba42_reads272	REF_Solicoccozyma_PZ690149.1	78.920	389	100	5.87e-64	235
ASV_3873ba42_reads272	REF_Solicoccozyma_PZ444460.1	78.920	389	100	2.11e-63	233
ASV_3873ba42_reads272	REF_Solicoccozyma_PZ444463.1	78.920	389	100	2.11e-63	233
ASV_3873ba42_reads272	REF_Filobasidium_PP844067.1	82.609	276	73	2.11e-63	233
ASV_3873ba42_reads272	REF_Filobasidium_PP844131.1	82.609	276	73	2.11e-63	233
ASV_3873ba42_reads272	REF_Filobasidium_PP844361.1	82.609	276	73	2.11e-63	233
ASV_3873ba42_reads272	REF_Filobasidium_PP844371.1	82.609	276	73	2.11e-63	233
ASV_3873ba42_reads272	REF_Filobasidium_PP844378.1	82.609	276	73	2.11e-63	233
ASV_3873ba42_reads272	REF_Filobasidium_PP844381.1	82.609	276	73	2.11e-63	233
ASV_3873ba42_reads272	REF_Filobasidium_PP844391.1	82.609	276	73	2.11e-63	233
ASV_3873ba42_reads272	REF_Filobasidium_PP844395.1	82.609	276	73	2.11e-63	233
ASV_3873ba42_reads272	REF_Filobasidium_PP844406.1	82.609	276	73	2.11e-63	233
ASV_3873ba42_reads272	REF_Filobasidium_PP844421.1	82.609	276	73	2.11e-63	233
ASV_3873ba42_reads272	REF_Filobasidium_PP844422.1	82.609	276	73	2.11e-63	233
ASV_98806ac3_reads256	REF_Filobasidium_PP844358.1	85.145	276	73	1.60e-74	270
ASV_98806ac3_reads256	REF_Solicoccozyma_PZ575883.1	79.156	379	100	4.52e-65	239
ASV_98806ac3_reads256	REF_Filobasidium_PQ350839.1	82.971	276	73	1.63e-64	237
ASV_98806ac3_reads256	REF_Filobasidium_PQ350839.1	100.000	31	8	1.36e-10	58.4
ASV_98806ac3_reads256	REF_Filobasidium_PQ350849.1	82.971	276	73	1.63e-64	237
ASV_98806ac3_reads256	REF_Solicoccozyma_PZ444460.1	78.866	388	100	2.10e-63	233
ASV_98806ac3_reads256	REF_Solicoccozyma_PZ444463.1	78.866	388	100	2.10e-63	233
ASV_98806ac3_reads256	REF_Solicoccozyma_PZ690149.1	78.866	388	100	2.10e-63	233
ASV_98806ac3_reads256	REF_Filobasidium_PP844352.1	82.609	276	73	2.10e-63	233
ASV_98806ac3_reads256	REF_Filobasidium_PP844397.1	82.609	276	73	2.10e-63	233
ASV_98806ac3_reads256	REF_Filobasidium_PP844408.1	82.609	276	73	2.10e-63	233
ASV_98806ac3_reads256	REF_Filobasidium_PP844429.1	82.609	276	73	2.10e-63	233
ASV_98806ac3_reads256	REF_Filobasidium_PQ350844.1	82.545	275	73	7.57e-63	231
ASV_98806ac3_reads256	REF_Filobasidium_PQ350847.1	82.545	275	73	7.57e-63	231
ASV_98806ac3_reads256	REF_Filobasidium_PP844067.1	82.246	276	73	9.79e-62	228
ASV_98806ac3_reads256	REF_Filobasidium_PP844131.1	82.246	276	73	9.79e-62	228
ASV_98806ac3_reads256	REF_Filobasidium_PP844361.1	82.246	276	73	9.79e-62	228
ASV_98806ac3_reads256	REF_Filobasidium_PP844371.1	82.246	276	73	9.79e-62	228
ASV_98806ac3_reads256	REF_Filobasidium_PP844378.1	82.246	276	73	9.79e-62	228
ASV_98806ac3_reads256	REF_Filobasidium_PP844381.1	82.246	276	73	9.79e-62	228
ASV_98806ac3_reads256	REF_Filobasidium_PP844391.1	82.246	276	73	9.79e-62	228
ASV_dfd28725_reads199	REF_Filobasidium_PP844358.1	85.507	276	73	3.47e-76	276
ASV_dfd28725_reads199	REF_Solicoccozyma_PZ575883.1	79.474	380	100	2.72e-67	246
ASV_dfd28725_reads199	REF_Filobasidium_PQ350839.1	83.333	276	73	3.52e-66	243
ASV_dfd28725_reads199	REF_Filobasidium_PQ350839.1	100.000	31	8	1.37e-10	58.4
ASV_dfd28725_reads199	REF_Filobasidium_PQ350849.1	83.333	276	73	3.52e-66	243
ASV_dfd28725_reads199	REF_Solicoccozyma_PZ444460.1	79.231	390	100	1.26e-65	241
ASV_dfd28725_reads199	REF_Solicoccozyma_PZ444463.1	79.231	390	100	1.26e-65	241
ASV_dfd28725_reads199	REF_Solicoccozyma_PZ690149.1	79.231	390	100	1.26e-65	241
ASV_dfd28725_reads199	REF_Filobasidium_PQ350844.1	82.909	275	73	1.64e-64	237
ASV_dfd28725_reads199	REF_Filobasidium_PQ350847.1	82.909	275	73	1.64e-64	237
ASV_dfd28725_reads199	REF_Filobasidium_PP844067.1	82.609	276	73	2.12e-63	233
ASV_dfd28725_reads199	REF_Filobasidium_PP844131.1	82.609	276	73	2.12e-63	233
ASV_dfd28725_reads199	REF_Filobasidium_PP844361.1	82.609	276	73	2.12e-63	233
ASV_dfd28725_reads199	REF_Filobasidium_PP844371.1	82.609	276	73	2.12e-63	233
ASV_dfd28725_reads199	REF_Filobasidium_PP844378.1	82.609	276	73	2.12e-63	233
ASV_dfd28725_reads199	REF_Filobasidium_PP844381.1	82.609	276	73	2.12e-63	233
ASV_dfd28725_reads199	REF_Filobasidium_PP844391.1	82.609	276	73	2.12e-63	233
ASV_dfd28725_reads199	REF_Filobasidium_PP844395.1	82.609	276	73	2.12e-63	233
ASV_dfd28725_reads199	REF_Filobasidium_PP844406.1	82.609	276	73	2.12e-63	233
ASV_dfd28725_reads199	REF_Filobasidium_PP844421.1	82.609	276	73	2.12e-63	233
ASV_dfd28725_reads199	REF_Filobasidium_PP844422.1	82.609	276	73	2.12e-63	233
ASV_f1747db1_reads155	REF_Filobasidium_PP844358.1	85.507	276	73	3.47e-76	276
ASV_f1747db1_reads155	REF_Filobasidium_PQ350839.1	83.333	276	73	3.52e-66	243
ASV_f1747db1_reads155	REF_Filobasidium_PQ350839.1	100.000	31	8	1.37e-10	58.4
ASV_f1747db1_reads155	REF_Filobasidium_PQ350849.1	83.333	276	73	3.52e-66	243
ASV_f1747db1_reads155	REF_Solicoccozyma_PZ575883.1	79.211	380	100	1.26e-65	241
ASV_f1747db1_reads155	REF_Filobasidium_PQ350844.1	82.909	275	73	1.64e-64	237
ASV_f1747db1_reads155	REF_Filobasidium_PQ350847.1	82.909	275	73	1.64e-64	237
ASV_f1747db1_reads155	REF_Filobasidium_PP844067.1	82.609	276	73	2.12e-63	233
ASV_f1747db1_reads155	REF_Filobasidium_PP844131.1	82.609	276	73	2.12e-63	233
ASV_f1747db1_reads155	REF_Filobasidium_PP844361.1	82.609	276	73	2.12e-63	233
ASV_f1747db1_reads155	REF_Filobasidium_PP844371.1	82.609	276	73	2.12e-63	233
ASV_f1747db1_reads155	REF_Filobasidium_PP844378.1	82.609	276	73	2.12e-63	233
ASV_f1747db1_reads155	REF_Filobasidium_PP844381.1	82.609	276	73	2.12e-63	233
ASV_f1747db1_reads155	REF_Filobasidium_PP844391.1	82.609	276	73	2.12e-63	233
ASV_f1747db1_reads155	REF_Filobasidium_PP844395.1	82.609	276	73	2.12e-63	233
ASV_f1747db1_reads155	REF_Filobasidium_PP844406.1	82.609	276	73	2.12e-63	233
ASV_f1747db1_reads155	REF_Filobasidium_PP844421.1	82.609	276	73	2.12e-63	233
ASV_f1747db1_reads155	REF_Filobasidium_PP844422.1	82.609	276	73	2.12e-63	233
ASV_f1747db1_reads155	REF_Filobasidium_PP844450.1	82.609	276	73	2.12e-63	233
ASV_f1747db1_reads155	REF_Solicoccozyma_PZ444460.1	78.718	390	100	2.74e-62	230
ASV_f1747db1_reads155	REF_Solicoccozyma_PZ444463.1	78.718	390	100	2.74e-62	230
ASV_21ef82fb_reads146	REF_Hannaella_PZ689361.1	95.652	69	19	1.02e-26	111
ASV_1705dbfd_reads143	REF_Filobasidium_PP844358.1	85.507	276	73	3.46e-76	276
ASV_1705dbfd_reads143	REF_Filobasidium_PQ350839.1	83.333	276	73	3.51e-66	243
ASV_1705dbfd_reads143	REF_Filobasidium_PQ350839.1	100.000	31	8	1.36e-10	58.4
ASV_1705dbfd_reads143	REF_Filobasidium_PQ350849.1	83.333	276	73	3.51e-66	243
ASV_1705dbfd_reads143	REF_Solicoccozyma_PZ575883.1	79.156	379	100	1.26e-65	241
ASV_1705dbfd_reads143	REF_Solicoccozyma_PZ690149.1	79.177	389	100	1.26e-65	241
ASV_1705dbfd_reads143	REF_Solicoccozyma_PZ444460.1	79.177	389	100	4.54e-65	239
ASV_1705dbfd_reads143	REF_Solicoccozyma_PZ444463.1	79.177	389	100	4.54e-65	239
ASV_1705dbfd_reads143	REF_Filobasidium_PQ350844.1	82.909	275	73	1.63e-64	237
ASV_1705dbfd_reads143	REF_Filobasidium_PQ350847.1	82.909	275	73	1.63e-64	237
ASV_1705dbfd_reads143	REF_Filobasidium_PP844067.1	82.609	276	73	2.11e-63	233
ASV_1705dbfd_reads143	REF_Filobasidium_PP844131.1	82.609	276	73	2.11e-63	233
ASV_1705dbfd_reads143	REF_Filobasidium_PP844361.1	82.609	276	73	2.11e-63	233
ASV_1705dbfd_reads143	REF_Filobasidium_PP844371.1	82.609	276	73	2.11e-63	233
ASV_1705dbfd_reads143	REF_Filobasidium_PP844378.1	82.609	276	73	2.11e-63	233
ASV_1705dbfd_reads143	REF_Filobasidium_PP844381.1	82.609	276	73	2.11e-63	233
ASV_1705dbfd_reads143	REF_Filobasidium_PP844391.1	82.609	276	73	2.11e-63	233
ASV_1705dbfd_reads143	REF_Filobasidium_PP844395.1	82.609	276	73	2.11e-63	233
ASV_1705dbfd_reads143	REF_Filobasidium_PP844406.1	82.609	276	73	2.11e-63	233
ASV_1705dbfd_reads143	REF_Filobasidium_PP844421.1	82.609	276	73	2.11e-63	233
ASV_1705dbfd_reads143	REF_Filobasidium_PP844422.1	82.609	276	73	2.11e-63	233
ASV_752b8e2c_reads125	REF_Filobasidium_PP844358.1	84.058	276	73	1.62e-69	254
ASV_752b8e2c_reads125	REF_Naganishia_PZ690109.1	78.836	378	100	5.87e-64	235
ASV_752b8e2c_reads125	REF_Solicoccozyma_PZ575883.1	78.364	379	100	1.27e-60	224
ASV_752b8e2c_reads125	REF_Filobasidium_PQ350839.1	81.884	276	73	1.64e-59	220
ASV_752b8e2c_reads125	REF_Filobasidium_PQ350839.1	100.000	31	8	1.36e-10	58.4
ASV_752b8e2c_reads125	REF_Filobasidium_PQ350849.1	81.884	276	73	1.64e-59	220
ASV_752b8e2c_reads125	REF_Solicoccozyma_PZ690149.1	78.149	389	100	5.91e-59	219
ASV_752b8e2c_reads125	REF_Solicoccozyma_PZ444460.1	78.149	389	100	2.13e-58	217
ASV_752b8e2c_reads125	REF_Solicoccozyma_PZ444463.1	78.149	389	100	2.13e-58	217
ASV_752b8e2c_reads125	REF_Filobasidium_PQ350844.1	81.455	275	73	7.64e-58	215
ASV_752b8e2c_reads125	REF_Filobasidium_PQ350847.1	81.455	275	73	7.64e-58	215
ASV_752b8e2c_reads125	REF_Filobasidium_PP844067.1	81.159	276	73	9.89e-57	211
ASV_752b8e2c_reads125	REF_Filobasidium_PP844131.1	81.159	276	73	9.89e-57	211
ASV_752b8e2c_reads125	REF_Filobasidium_PP844361.1	81.159	276	73	9.89e-57	211
ASV_752b8e2c_reads125	REF_Filobasidium_PP844371.1	81.159	276	73	9.89e-57	211
ASV_752b8e2c_reads125	REF_Filobasidium_PP844378.1	81.159	276	73	9.89e-57	211
ASV_752b8e2c_reads125	REF_Filobasidium_PP844381.1	81.159	276	73	9.89e-57	211
ASV_752b8e2c_reads125	REF_Filobasidium_PP844391.1	81.159	276	73	9.89e-57	211
ASV_752b8e2c_reads125	REF_Filobasidium_PP844395.1	81.159	276	73	9.89e-57	211
ASV_752b8e2c_reads125	REF_Filobasidium_PP844406.1	81.159	276	73	9.89e-57	211
ASV_752b8e2c_reads125	REF_Filobasidium_PP844421.1	81.159	276	73	9.89e-57	211
ASV_ce993a45_reads116	REF_Filobasidium_PP844358.1	85.145	276	73	1.61e-74	270
ASV_ce993a45_reads116	REF_Filobasidium_PQ350839.1	82.971	276	73	1.64e-64	237
ASV_ce993a45_reads116	REF_Filobasidium_PQ350839.1	100.000	31	8	1.37e-10	58.4
ASV_ce993a45_reads116	REF_Filobasidium_PQ350849.1	82.971	276	73	1.64e-64	237
ASV_ce993a45_reads116	REF_Filobasidium_PQ350844.1	82.545	275	73	7.61e-63	231
ASV_ce993a45_reads116	REF_Filobasidium_PQ350847.1	82.545	275	73	7.61e-63	231
ASV_ce993a45_reads116	REF_Solicoccozyma_PZ575883.1	78.684	380	100	2.74e-62	230
ASV_ce993a45_reads116	REF_Filobasidium_PP844067.1	82.246	276	73	9.85e-62	228
ASV_ce993a45_reads116	REF_Filobasidium_PP844131.1	82.246	276	73	9.85e-62	228
ASV_ce993a45_reads116	REF_Filobasidium_PP844352.1	82.246	276	73	9.85e-62	228
ASV_ce993a45_reads116	REF_Filobasidium_PP844361.1	82.246	276	73	9.85e-62	228
ASV_ce993a45_reads116	REF_Filobasidium_PP844371.1	82.246	276	73	9.85e-62	228
ASV_ce993a45_reads116	REF_Filobasidium_PP844378.1	82.246	276	73	9.85e-62	228
ASV_ce993a45_reads116	REF_Filobasidium_PP844381.1	82.246	276	73	9.85e-62	228
ASV_ce993a45_reads116	REF_Filobasidium_PP844391.1	82.246	276	73	9.85e-62	228
ASV_ce993a45_reads116	REF_Filobasidium_PP844395.1	82.246	276	73	9.85e-62	228
ASV_ce993a45_reads116	REF_Filobasidium_PP844397.1	82.246	276	73	9.85e-62	228
ASV_ce993a45_reads116	REF_Filobasidium_PP844406.1	82.246	276	73	9.85e-62	228
ASV_ce993a45_reads116	REF_Filobasidium_PP844408.1	82.246	276	73	9.85e-62	228
ASV_ce993a45_reads116	REF_Filobasidium_PP844421.1	82.246	276	73	9.85e-62	228
ASV_ce993a45_reads116	REF_Filobasidium_PP844422.1	82.246	276	73	9.85e-62	228
ASV_e1bc6d43_reads91	REF_Filobasidium_PP844358.1	85.145	276	73	1.61e-74	270
ASV_e1bc6d43_reads91	REF_Filobasidium_PQ350839.1	82.971	276	73	1.64e-64	237
ASV_e1bc6d43_reads91	REF_Filobasidium_PQ350839.1	100.000	31	8	1.37e-10	58.4
ASV_e1bc6d43_reads91	REF_Filobasidium_PQ350849.1	82.971	276	73	1.64e-64	237
ASV_e1bc6d43_reads91	REF_Filobasidium_PQ350844.1	82.545	275	73	7.61e-63	231
ASV_e1bc6d43_reads91	REF_Filobasidium_PQ350847.1	82.545	275	73	7.61e-63	231
ASV_e1bc6d43_reads91	REF_Solicoccozyma_PZ444460.1	78.718	390	100	2.74e-62	230
ASV_e1bc6d43_reads91	REF_Solicoccozyma_PZ444463.1	78.718	390	100	2.74e-62	230
ASV_e1bc6d43_reads91	REF_Solicoccozyma_PZ575883.1	78.740	381	100	2.74e-62	230
ASV_e1bc6d43_reads91	REF_Solicoccozyma_PZ690149.1	78.718	390	100	2.74e-62	230
ASV_e1bc6d43_reads91	REF_Filobasidium_PP844067.1	82.246	276	73	9.85e-62	228
ASV_e1bc6d43_reads91	REF_Filobasidium_PP844131.1	82.246	276	73	9.85e-62	228
ASV_e1bc6d43_reads91	REF_Filobasidium_PP844352.1	82.246	276	73	9.85e-62	228
ASV_e1bc6d43_reads91	REF_Filobasidium_PP844361.1	82.246	276	73	9.85e-62	228
ASV_e1bc6d43_reads91	REF_Filobasidium_PP844371.1	82.246	276	73	9.85e-62	228
ASV_e1bc6d43_reads91	REF_Filobasidium_PP844378.1	82.246	276	73	9.85e-62	228
ASV_e1bc6d43_reads91	REF_Filobasidium_PP844381.1	82.246	276	73	9.85e-62	228
ASV_e1bc6d43_reads91	REF_Filobasidium_PP844391.1	82.246	276	73	9.85e-62	228
ASV_e1bc6d43_reads91	REF_Filobasidium_PP844395.1	82.246	276	73	9.85e-62	228
ASV_e1bc6d43_reads91	REF_Filobasidium_PP844397.1	82.246	276	73	9.85e-62	228
ASV_e1bc6d43_reads91	REF_Filobasidium_PP844406.1	82.246	276	73	9.85e-62	228
ASV_c7a038d5_reads64	REF_Filobasidium_PQ350839.1	96.296	108	27	1.11e-46	178
ASV_c7a038d5_reads64	REF_Filobasidium_PQ350844.1	96.296	108	27	1.11e-46	178
ASV_c7a038d5_reads64	REF_Filobasidium_PQ350847.1	96.296	108	27	1.11e-46	178
ASV_c7a038d5_reads64	REF_Filobasidium_PQ350849.1	96.296	108	27	1.11e-46	178
ASV_c7a038d5_reads64	REF_Filobasidium_PP844067.1	96.296	108	27	1.11e-46	178
ASV_c7a038d5_reads64	REF_Filobasidium_PP844131.1	96.296	108	27	1.11e-46	178
ASV_c7a038d5_reads64	REF_Filobasidium_PP844352.1	96.296	108	27	1.11e-46	178
ASV_c7a038d5_reads64	REF_Filobasidium_PP844358.1	96.296	108	27	1.11e-46	178
ASV_c7a038d5_reads64	REF_Filobasidium_PP844361.1	96.296	108	27	1.11e-46	178
ASV_c7a038d5_reads64	REF_Filobasidium_PP844371.1	96.296	108	27	1.11e-46	178
ASV_c7a038d5_reads64	REF_Filobasidium_PP844378.1	96.296	108	27	1.11e-46	178
ASV_c7a038d5_reads64	REF_Filobasidium_PP844381.1	96.296	108	27	1.11e-46	178
ASV_c7a038d5_reads64	REF_Filobasidium_PP844391.1	96.296	108	27	1.11e-46	178
ASV_c7a038d5_reads64	REF_Filobasidium_PP844395.1	96.296	108	27	1.11e-46	178
ASV_c7a038d5_reads64	REF_Filobasidium_PP844397.1	96.296	108	27	1.11e-46	178
ASV_c7a038d5_reads64	REF_Filobasidium_PP844406.1	96.296	108	27	1.11e-46	178
ASV_c7a038d5_reads64	REF_Filobasidium_PP844408.1	96.296	108	27	1.11e-46	178
ASV_c7a038d5_reads64	REF_Filobasidium_PP844421.1	96.296	108	27	1.11e-46	178
ASV_c7a038d5_reads64	REF_Filobasidium_PP844422.1	96.296	108	27	1.11e-46	178
ASV_c7a038d5_reads64	REF_Filobasidium_PP844425.1	96.296	108	27	1.11e-46	178
ASV_0ce39a02_reads58	REF_Filobasidium_PP844358.1	85.507	276	73	3.47e-76	276
ASV_0ce39a02_reads58	REF_Solicoccozyma_PZ575883.1	79.737	380	100	5.84e-69	252
ASV_0ce39a02_reads58	REF_Solicoccozyma_PZ444460.1	79.487	390	100	2.72e-67	246
ASV_0ce39a02_reads58	REF_Solicoccozyma_PZ444463.1	79.487	390	100	2.72e-67	246
ASV_0ce39a02_reads58	REF_Solicoccozyma_PZ690149.1	79.487	390	100	2.72e-67	246
ASV_0ce39a02_reads58	REF_Filobasidium_PQ350839.1	83.333	276	73	3.52e-66	243
ASV_0ce39a02_reads58	REF_Filobasidium_PQ350839.1	100.000	31	8	1.37e-10	58.4
ASV_0ce39a02_reads58	REF_Filobasidium_PQ350849.1	83.333	276	73	3.52e-66	243
ASV_0ce39a02_reads58	REF_Filobasidium_PQ350844.1	82.909	275	73	1.64e-64	237
ASV_0ce39a02_reads58	REF_Filobasidium_PQ350847.1	82.909	275	73	1.64e-64	237
ASV_0ce39a02_reads58	REF_Filobasidium_PP844067.1	82.609	276	73	2.12e-63	233
ASV_0ce39a02_reads58	REF_Filobasidium_PP844131.1	82.609	276	73	2.12e-63	233
ASV_0ce39a02_reads58	REF_Filobasidium_PP844361.1	82.609	276	73	2.12e-63	233
ASV_0ce39a02_reads58	REF_Filobasidium_PP844371.1	82.609	276	73	2.12e-63	233
ASV_0ce39a02_reads58	REF_Filobasidium_PP844378.1	82.609	276	73	2.12e-63	233
ASV_0ce39a02_reads58	REF_Filobasidium_PP844381.1	82.609	276	73	2.12e-63	233
ASV_0ce39a02_reads58	REF_Filobasidium_PP844391.1	82.609	276	73	2.12e-63	233
ASV_0ce39a02_reads58	REF_Filobasidium_PP844395.1	82.609	276	73	2.12e-63	233
ASV_0ce39a02_reads58	REF_Filobasidium_PP844406.1	82.609	276	73	2.12e-63	233
ASV_0ce39a02_reads58	REF_Filobasidium_PP844421.1	82.609	276	73	2.12e-63	233
ASV_0ce39a02_reads58	REF_Filobasidium_PP844422.1	82.609	276	73	2.12e-63	233
ASV_3d4f6cfc_reads57	REF_Hannaella_PX943698.1	93.333	120	30	3.96e-46	176
ASV_3d4f6cfc_reads57	REF_Hannaella_PX607723.1	93.333	120	30	3.96e-46	176
ASV_3d4f6cfc_reads57	REF_Hannaella_PX587414.1	93.860	114	28	1.84e-44	171
ASV_3d4f6cfc_reads57	REF_Hannaella_PZ059708.1	93.860	114	28	1.84e-44	171
ASV_3d4f6cfc_reads57	REF_Hannaella_PX943694.1	92.500	120	30	6.62e-44	169
ASV_3d4f6cfc_reads57	REF_Hannaella_PX943696.1	92.500	120	30	6.62e-44	169
ASV_3d4f6cfc_reads57	REF_Hannaella_PX946000.1	92.500	120	30	6.62e-44	169
ASV_3d4f6cfc_reads57	REF_Hannaella_PZ012168.1	92.500	120	30	6.62e-44	169
ASV_3d4f6cfc_reads57	REF_Tremella_PZ690903.1	91.870	123	30	2.38e-43	167
ASV_3d4f6cfc_reads57	REF_Bullera_PV259732.1	95.283	106	26	2.38e-43	167
ASV_3d4f6cfc_reads57	REF_Hannaella_PX613645.1	95.283	106	26	2.38e-43	167
ASV_3d4f6cfc_reads57	REF_Hannaella_PX943697.1	95.283	106	26	2.38e-43	167
ASV_3d4f6cfc_reads57	REF_Hannaella_PX945999.1	95.283	106	26	2.38e-43	167
ASV_3d4f6cfc_reads57	REF_Hannaella_PX946001.1	95.283	106	26	2.38e-43	167
ASV_3d4f6cfc_reads57	REF_Hannaella_PX946002.1	95.283	106	26	2.38e-43	167
ASV_3d4f6cfc_reads57	REF_Dioszegia_PX945998.1	90.625	128	32	8.57e-43	165
ASV_3d4f6cfc_reads57	REF_Tremella_PZ538949.1	91.736	121	29	3.08e-42	163
ASV_3d4f6cfc_reads57	REF_Tremella_PZ690902.1	91.736	121	29	3.08e-42	163
ASV_3d4f6cfc_reads57	REF_Bullera_PV471498.1	92.920	113	28	3.08e-42	163
ASV_3d4f6cfc_reads57	REF_Bullera_PV478207.1	92.920	113	28	3.08e-42	163
ASV_9b494c50_reads51	REF_Hannaella_PZ689361.1	95.652	69	19	1.01e-26	111
ASV_dae4519c_reads49	REF_Hannaella_PZ689361.1	95.522	67	18	1.36e-25	108
ASV_7f4d64a0_reads47	REF_Naganishia_PP844345.1	95.082	122	33	3.63e-51	193
ASV_7f4d64a0_reads47	REF_Naganishia_PP844345.1	92.683	41	11	3.84e-11	60.2
ASV_7f4d64a0_reads47	REF_Naganishia_PP844372.1	95.082	122	33	3.63e-51	193
ASV_7f4d64a0_reads47	REF_Naganishia_PP844372.1	97.297	37	10	2.97e-12	63.9
ASV_7f4d64a0_reads47	REF_Naganishia_PZ690868.1	95.082	122	33	3.63e-51	193
ASV_7f4d64a0_reads47	REF_Naganishia_PZ690868.1	97.297	37	10	2.97e-12	63.9
ASV_7f4d64a0_reads47	REF_Filobasidium_PQ350839.1	98.165	109	29	1.31e-50	191
ASV_7f4d64a0_reads47	REF_Filobasidium_PQ350844.1	98.165	109	29	1.31e-50	191
ASV_7f4d64a0_reads47	REF_Filobasidium_PQ350847.1	98.165	109	29	1.31e-50	191
ASV_7f4d64a0_reads47	REF_Filobasidium_PQ350849.1	98.165	109	29	1.31e-50	191
ASV_7f4d64a0_reads47	REF_Filobasidium_PP844067.1	98.165	109	29	1.31e-50	191
ASV_7f4d64a0_reads47	REF_Filobasidium_PP844131.1	98.165	109	29	1.31e-50	191
ASV_7f4d64a0_reads47	REF_Filobasidium_PP844352.1	98.165	109	29	1.31e-50	191
ASV_7f4d64a0_reads47	REF_Filobasidium_PP844358.1	98.165	109	29	1.31e-50	191
ASV_7f4d64a0_reads47	REF_Filobasidium_PP844361.1	98.165	109	29	1.31e-50	191
ASV_7f4d64a0_reads47	REF_Filobasidium_PP844371.1	98.165	109	29	1.31e-50	191
ASV_7f4d64a0_reads47	REF_Filobasidium_PP844378.1	98.165	109	29	1.31e-50	191
ASV_7f4d64a0_reads47	REF_Filobasidium_PP844381.1	98.165	109	29	1.31e-50	191
ASV_7f4d64a0_reads47	REF_Filobasidium_PP844391.1	98.165	109	29	1.31e-50	191
ASV_7f4d64a0_reads47	REF_Filobasidium_PP844395.1	98.165	109	29	1.31e-50	191
ASV_7f4d64a0_reads47	REF_Filobasidium_PP844397.1	98.165	109	29	1.31e-50	191
ASV_7f4d64a0_reads47	REF_Filobasidium_PP844406.1	98.165	109	29	1.31e-50	191
ASV_7f4d64a0_reads47	REF_Filobasidium_PP844408.1	98.165	109	29	1.31e-50	191
ASV_d6f84bec_reads43	REF_Hannaella_PZ689361.1	91.304	69	19	1.02e-21	95.3
ASV_b5e0956c_reads41	REF_Solicoccozyma_NR_202493.1	93.000	100	29	2.67e-37	147
ASV_b5e0956c_reads41	REF_Solicoccozyma_PZ444460.1	93.000	100	29	2.67e-37	147
ASV_b5e0956c_reads41	REF_Solicoccozyma_PZ444463.1	93.000	100	29	2.67e-37	147
ASV_b5e0956c_reads41	REF_Solicoccozyma_PZ575884.1	93.000	100	29	2.67e-37	147
ASV_b5e0956c_reads41	REF_Solicoccozyma_PZ690149.1	93.000	100	29	2.67e-37	147
ASV_b5e0956c_reads41	REF_Dioszegia_PX943693.1	87.805	123	35	3.45e-36	143
ASV_b5e0956c_reads41	REF_Solicoccozyma_PZ575883.1	92.000	100	29	1.24e-35	141
ASV_b5e0956c_reads41	REF_Saitozyma_PZ671361.1	92.000	100	29	1.24e-35	141
ASV_b5e0956c_reads41	REF_Vishniacozyma_PQ350716.1	87.500	120	35	1.60e-34	137
ASV_b5e0956c_reads41	REF_Vishniacozyma_PQ350897.1	87.500	120	35	1.60e-34	137
ASV_b5e0956c_reads41	REF_Tremella_PQ889783.1	91.000	100	29	5.77e-34	135
ASV_b5e0956c_reads41	REF_Tremella_PZ330763.1	91.000	100	29	5.77e-34	135
ASV_b5e0956c_reads41	REF_Tremella_PZ630574.1	91.000	100	29	5.77e-34	135
ASV_b5e0956c_reads41	REF_Tremella_PZ689558.1	91.176	102	29	5.77e-34	135
ASV_b5e0956c_reads41	REF_Tremella_PZ690631.1	91.176	102	29	5.77e-34	135
ASV_b5e0956c_reads41	REF_Dioszegia_PX458078.1	86.885	122	35	5.77e-34	135
ASV_b5e0956c_reads41	REF_Saitozyma_PV834676.1	91.000	100	29	5.77e-34	135
ASV_b5e0956c_reads41	REF_Saitozyma_PX458077.1	91.000	100	29	5.77e-34	135
ASV_b5e0956c_reads41	REF_Saitozyma_PX498037.1	91.000	100	29	5.77e-34	135
ASV_b5e0956c_reads41	REF_Saitozyma_PQ804191.1	91.000	100	29	5.77e-34	135
ASV_8e80cbb2_reads38	REF_Naganishia_PP844145.1	97.000	100	26	6.47e-44	169
ASV_8e80cbb2_reads38	REF_Naganishia_PP844183.1	97.000	100	26	6.47e-44	169
ASV_8e80cbb2_reads38	REF_Naganishia_PP844190.1	97.000	100	26	6.47e-44	169
ASV_8e80cbb2_reads38	REF_Naganishia_PP844201.1	97.000	100	26	6.47e-44	169
ASV_8e80cbb2_reads38	REF_Naganishia_PP844265.1	97.000	100	26	6.47e-44	169
ASV_8e80cbb2_reads38	REF_Naganishia_PP844281.1	97.000	100	26	6.47e-44	169
ASV_8e80cbb2_reads38	REF_Naganishia_PP844287.1	97.000	100	26	6.47e-44	169
ASV_8e80cbb2_reads38	REF_Naganishia_PP844290.1	97.000	100	26	6.47e-44	169
ASV_8e80cbb2_reads38	REF_Naganishia_PP844293.1	97.000	100	26	6.47e-44	169
ASV_8e80cbb2_reads38	REF_Naganishia_PP844440.1	97.000	100	26	6.47e-44	169
ASV_8e80cbb2_reads38	REF_Cryptococcus_PZ458682.1	97.000	100	26	6.47e-44	169
ASV_8e80cbb2_reads38	REF_Saitozyma_PZ671361.1	96.000	100	26	3.01e-42	163
ASV_8e80cbb2_reads38	REF_Filobasidium_PQ350851.1	91.667	120	30	3.01e-42	163
ASV_8e80cbb2_reads38	REF_Filobasidium_PQ350880.1	91.667	120	30	3.01e-42	163
ASV_8e80cbb2_reads38	REF_Filobasidium_PQ350891.1	91.667	120	30	3.01e-42	163
ASV_8e80cbb2_reads38	REF_Naganishia_PP844255.1	96.000	100	26	3.01e-42	163
ASV_8e80cbb2_reads38	REF_Curvibasidium_PV834696.1	95.000	100	26	1.40e-40	158
ASV_8e80cbb2_reads38	REF_Curvibasidium_PV834697.1	95.000	100	26	1.40e-40	158
ASV_8e80cbb2_reads38	REF_Curvibasidium_PQ097071.1	95.000	100	26	1.40e-40	158
ASV_8e80cbb2_reads38	REF_Curvibasidium_PX587028.1	95.000	100	26	1.40e-40	158
ASV_2298db48_reads37	REF_Filobasidium_PP844358.1	85.507	276	73	3.46e-76	276
ASV_2298db48_reads37	REF_Solicoccozyma_PZ690149.1	79.434	389	100	2.71e-67	246
ASV_2298db48_reads37	REF_Solicoccozyma_PZ444460.1	79.434	389	100	9.75e-67	244
ASV_2298db48_reads37	REF_Solicoccozyma_PZ444463.1	79.434	389	100	9.75e-67	244
ASV_2298db48_reads37	REF_Filobasidium_PQ350839.1	83.333	276	73	3.51e-66	243
ASV_2298db48_reads37	REF_Filobasidium_PQ350839.1	100.000	31	8	1.36e-10	58.4
ASV_2298db48_reads37	REF_Filobasidium_PQ350849.1	83.333	276	73	3.51e-66	243
ASV_2298db48_reads37	REF_Solicoccozyma_PZ575883.1	79.156	379	100	1.26e-65	241
ASV_2298db48_reads37	REF_Filobasidium_PQ350844.1	82.909	275	73	1.63e-64	237
ASV_2298db48_reads37	REF_Filobasidium_PQ350847.1	82.909	275	73	1.63e-64	237
ASV_2298db48_reads37	REF_Filobasidium_PP844067.1	82.609	276	73	2.11e-63	233
ASV_2298db48_reads37	REF_Filobasidium_PP844131.1	82.609	276	73	2.11e-63	233
ASV_2298db48_reads37	REF_Filobasidium_PP844361.1	82.609	276	73	2.11e-63	233
ASV_2298db48_reads37	REF_Filobasidium_PP844371.1	82.609	276	73	2.11e-63	233
ASV_2298db48_reads37	REF_Filobasidium_PP844378.1	82.609	276	73	2.11e-63	233
ASV_2298db48_reads37	REF_Filobasidium_PP844381.1	82.609	276	73	2.11e-63	233
ASV_2298db48_reads37	REF_Filobasidium_PP844391.1	82.609	276	73	2.11e-63	233
ASV_2298db48_reads37	REF_Filobasidium_PP844395.1	82.609	276	73	2.11e-63	233
ASV_2298db48_reads37	REF_Filobasidium_PP844406.1	82.609	276	73	2.11e-63	233
ASV_2298db48_reads37	REF_Filobasidium_PP844421.1	82.609	276	73	2.11e-63	233
ASV_2298db48_reads37	REF_Filobasidium_PP844422.1	82.609	276	73	2.11e-63	233
ASV_ead91cfa_reads35	REF_Hannaella_PZ689361.1	95.652	69	19	1.01e-26	111
ASV_aebc39bc_reads29	REF_Naganishia_PP844145.1	91.870	123	33	1.71e-44	171
ASV_aebc39bc_reads29	REF_Naganishia_PP844183.1	91.870	123	33	1.71e-44	171
ASV_aebc39bc_reads29	REF_Naganishia_PP844190.1	91.870	123	33	1.71e-44	171
ASV_aebc39bc_reads29	REF_Naganishia_PP844201.1	91.870	123	33	1.71e-44	171
ASV_aebc39bc_reads29	REF_Naganishia_PP844265.1	91.870	123	33	1.71e-44	171
ASV_aebc39bc_reads29	REF_Naganishia_PP844281.1	91.870	123	33	1.71e-44	171
ASV_aebc39bc_reads29	REF_Naganishia_PP844287.1	91.870	123	33	1.71e-44	171
ASV_aebc39bc_reads29	REF_Naganishia_PP844290.1	91.870	123	33	1.71e-44	171
ASV_aebc39bc_reads29	REF_Naganishia_PP844293.1	91.870	123	33	1.71e-44	171
ASV_aebc39bc_reads29	REF_Naganishia_PP844440.1	91.870	123	33	1.71e-44	171
ASV_aebc39bc_reads29	REF_Cryptococcus_PZ458682.1	91.870	123	33	1.71e-44	171
ASV_aebc39bc_reads29	REF_Naganishia_PP844255.1	97.895	95	25	7.94e-43	165
ASV_aebc39bc_reads29	REF_Filobasidium_PP844358.1	87.500	144	38	2.86e-42	163
ASV_aebc39bc_reads29	REF_Filobasidium_PQ350839.1	90.909	121	32	1.03e-41	161
ASV_aebc39bc_reads29	REF_Filobasidium_PQ350849.1	90.909	121	32	1.03e-41	161
ASV_aebc39bc_reads29	REF_Filobasidium_PQ350851.1	90.909	121	32	1.03e-41	161
ASV_aebc39bc_reads29	REF_Filobasidium_PQ350880.1	90.909	121	32	1.03e-41	161
ASV_aebc39bc_reads29	REF_Filobasidium_PQ350891.1	90.909	121	32	1.03e-41	161
ASV_aebc39bc_reads29	REF_Naganishia_PP844345.1	90.244	123	33	3.69e-41	159
ASV_aebc39bc_reads29	REF_Naganishia_PP844372.1	90.244	123	33	3.69e-41	159
ASV_053af1e8_reads25	REF_Hannaella_PZ689361.1	95.522	67	18	1.36e-25	108
ASV_da504603_reads25	REF_Naganishia_PP844145.1	88.496	113	29	6.49e-34	135
ASV_da504603_reads25	REF_Naganishia_PP844183.1	88.496	113	29	6.49e-34	135
ASV_da504603_reads25	REF_Naganishia_PP844190.1	88.496	113	29	6.49e-34	135
ASV_da504603_reads25	REF_Naganishia_PP844201.1	88.496	113	29	6.49e-34	135
ASV_da504603_reads25	REF_Naganishia_PP844255.1	93.407	91	23	6.49e-34	135
ASV_da504603_reads25	REF_Naganishia_PP844265.1	88.496	113	29	6.49e-34	135
ASV_da504603_reads25	REF_Naganishia_PP844281.1	88.496	113	29	6.49e-34	135
ASV_da504603_reads25	REF_Naganishia_PP844287.1	88.496	113	29	6.49e-34	135
ASV_da504603_reads25	REF_Naganishia_PP844290.1	88.496	113	29	6.49e-34	135
ASV_da504603_reads25	REF_Naganishia_PP844293.1	88.496	113	29	6.49e-34	135
ASV_da504603_reads25	REF_Naganishia_PP844440.1	88.496	113	29	6.49e-34	135
ASV_da504603_reads25	REF_Cryptococcus_PZ458682.1	88.496	113	29	6.49e-34	135
ASV_da504603_reads25	REF_Curvibasidium_PV644782.1	90.816	98	25	3.02e-32	130
ASV_da504603_reads25	REF_Naganishia_PZ690109.1	87.611	113	29	3.02e-32	130
ASV_da504603_reads25	REF_Tremella_PZ630574.1	91.209	91	23	1.40e-30	124
ASV_da504603_reads25	REF_Filobasidium_PQ350839.1	91.209	91	23	1.40e-30	124
ASV_da504603_reads25	REF_Filobasidium_PQ350844.1	91.209	91	23	1.40e-30	124
ASV_da504603_reads25	REF_Filobasidium_PQ350847.1	91.209	91	23	1.40e-30	124
ASV_da504603_reads25	REF_Filobasidium_PQ350849.1	91.209	91	23	1.40e-30	124
ASV_da504603_reads25	REF_Filobasidium_PQ350851.1	91.209	91	23	1.40e-30	124
ASV_5c899001_reads25	REF_Hannaella_PX943698.1	93.333	120	30	3.88e-46	176
ASV_5c899001_reads25	REF_Hannaella_PX607723.1	93.333	120	30	3.88e-46	176
ASV_5c899001_reads25	REF_Hannaella_PX587414.1	93.860	114	29	1.81e-44	171
ASV_5c899001_reads25	REF_Hannaella_PZ059708.1	93.860	114	29	1.81e-44	171
ASV_5c899001_reads25	REF_Hannaella_PX943694.1	92.500	120	30	6.50e-44	169
ASV_5c899001_reads25	REF_Hannaella_PX943696.1	92.500	120	30	6.50e-44	169
ASV_5c899001_reads25	REF_Hannaella_PX946000.1	92.500	120	30	6.50e-44	169
ASV_5c899001_reads25	REF_Hannaella_PZ012168.1	92.500	120	30	6.50e-44	169
ASV_5c899001_reads25	REF_Tremella_PZ690903.1	91.870	123	30	2.34e-43	167
ASV_5c899001_reads25	REF_Bullera_PV259732.1	95.283	106	27	2.34e-43	167
ASV_5c899001_reads25	REF_Hannaella_PX613645.1	95.283	106	27	2.34e-43	167
ASV_5c899001_reads25	REF_Hannaella_PX943697.1	95.283	106	27	2.34e-43	167
ASV_5c899001_reads25	REF_Hannaella_PX945999.1	95.283	106	27	2.34e-43	167
ASV_5c899001_reads25	REF_Hannaella_PX946001.1	95.283	106	27	2.34e-43	167
ASV_5c899001_reads25	REF_Hannaella_PX946002.1	95.283	106	27	2.34e-43	167
ASV_5c899001_reads25	REF_Tremella_PZ538949.1	91.736	121	30	3.02e-42	163
ASV_5c899001_reads25	REF_Tremella_PZ690902.1	91.736	121	30	3.02e-42	163
ASV_5c899001_reads25	REF_Dioszegia_PX945998.1	91.667	120	30	3.02e-42	163
ASV_5c899001_reads25	REF_Bullera_PV471498.1	92.920	113	28	3.02e-42	163
ASV_5c899001_reads25	REF_Bullera_PV478207.1	92.920	113	28	3.02e-42	163
ASV_6d1982d3_reads20	REF_Hannaella_PZ689361.1	95.522	67	18	1.36e-25	108
ASV_1b7143e5_reads19	REF_Naganishia_PZ690109.1	85.714	105	28	3.73e-26	110
ASV_2026eb02_reads17	REF_Dioszegia_PX945998.1	89.167	120	30	3.10e-37	147
ASV_2026eb02_reads17	REF_Tremella_PZ690631.1	88.889	117	29	4.01e-36	143
ASV_2026eb02_reads17	REF_Tremella_PZ689558.1	90.476	105	26	5.19e-35	139
ASV_2026eb02_reads17	REF_Bullera_PV259732.1	90.566	106	26	5.19e-35	139
ASV_2026eb02_reads17	REF_Saitozyma_PZ671361.1	90.654	107	26	5.19e-35	139
ASV_2026eb02_reads17	REF_Hannaella_PX587414.1	90.566	106	26	5.19e-35	139
ASV_2026eb02_reads17	REF_Hannaella_PX613645.1	90.566	106	26	5.19e-35	139
ASV_2026eb02_reads17	REF_Hannaella_PX943694.1	90.566	106	26	5.19e-35	139
ASV_2026eb02_reads17	REF_Hannaella_PX943696.1	90.566	106	26	5.19e-35	139
ASV_2026eb02_reads17	REF_Hannaella_PX943697.1	90.566	106	26	5.19e-35	139
ASV_2026eb02_reads17	REF_Hannaella_PX943698.1	90.566	106	26	5.19e-35	139
ASV_2026eb02_reads17	REF_Hannaella_PX945999.1	90.566	106	26	5.19e-35	139
ASV_2026eb02_reads17	REF_Hannaella_PX946000.1	90.566	106	26	5.19e-35	139
ASV_2026eb02_reads17	REF_Hannaella_PX946001.1	90.566	106	26	5.19e-35	139
ASV_2026eb02_reads17	REF_Hannaella_PX946002.1	90.566	106	26	5.19e-35	139
ASV_2026eb02_reads17	REF_Hannaella_PZ012168.1	90.566	106	26	5.19e-35	139
ASV_2026eb02_reads17	REF_Hannaella_PZ059708.1	90.566	106	26	5.19e-35	139
ASV_2026eb02_reads17	REF_Hannaella_PX607723.1	90.566	106	26	5.19e-35	139
ASV_2026eb02_reads17	REF_Filobasidium_PQ350839.1	90.476	105	26	5.19e-35	139
ASV_2026eb02_reads17	REF_Filobasidium_PQ350844.1	90.476	105	26	5.19e-35	139
ASV_f8212ac8_reads16	REF_Naganishia_PP844145.1	94.681	94	27	2.71e-37	147
ASV_f8212ac8_reads16	REF_Naganishia_PP844183.1	94.681	94	27	2.71e-37	147
ASV_f8212ac8_reads16	REF_Naganishia_PP844190.1	94.681	94	27	2.71e-37	147
ASV_f8212ac8_reads16	REF_Naganishia_PP844201.1	94.681	94	27	2.71e-37	147
ASV_f8212ac8_reads16	REF_Naganishia_PP844255.1	94.681	94	27	2.71e-37	147
ASV_f8212ac8_reads16	REF_Naganishia_PP844265.1	94.681	94	27	2.71e-37	147
ASV_f8212ac8_reads16	REF_Naganishia_PP844281.1	94.681	94	27	2.71e-37	147
ASV_f8212ac8_reads16	REF_Naganishia_PP844287.1	94.681	94	27	2.71e-37	147
ASV_f8212ac8_reads16	REF_Naganishia_PP844290.1	94.681	94	27	2.71e-37	147
ASV_f8212ac8_reads16	REF_Naganishia_PP844293.1	94.681	94	27	2.71e-37	147
ASV_f8212ac8_reads16	REF_Naganishia_PP844440.1	94.681	94	27	2.71e-37	147
ASV_f8212ac8_reads16	REF_Cryptococcus_PZ458682.1	94.681	94	27	2.71e-37	147
ASV_f8212ac8_reads16	REF_Tremella_PZ630574.1	92.553	94	27	5.86e-34	135
ASV_f8212ac8_reads16	REF_Filobasidium_PQ350839.1	92.553	94	27	5.86e-34	135
ASV_f8212ac8_reads16	REF_Filobasidium_PQ350844.1	92.553	94	27	5.86e-34	135
ASV_f8212ac8_reads16	REF_Filobasidium_PQ350847.1	92.553	94	27	5.86e-34	135
ASV_f8212ac8_reads16	REF_Filobasidium_PQ350849.1	92.553	94	27	5.86e-34	135
ASV_f8212ac8_reads16	REF_Filobasidium_PQ350851.1	92.553	94	27	5.86e-34	135
ASV_f8212ac8_reads16	REF_Filobasidium_PQ350880.1	92.553	94	27	5.86e-34	135
ASV_f8212ac8_reads16	REF_Filobasidium_PQ350891.1	92.553	94	27	5.86e-34	135
ASV_2dccfee0_reads16	REF_Naganishia_PZ690868.1	78.100	379	100	1.64e-59	220
ASV_2dccfee0_reads16	REF_Naganishia_PP844372.1	77.778	378	100	2.75e-57	213
ASV_2dccfee0_reads16	REF_Naganishia_PZ690109.1	77.836	379	100	2.75e-57	213
ASV_2dccfee0_reads16	REF_Naganishia_PP844145.1	77.513	378	100	1.28e-55	207
ASV_2dccfee0_reads16	REF_Naganishia_PP844281.1	77.513	378	100	1.28e-55	207
ASV_2dccfee0_reads16	REF_Naganishia_PP844293.1	77.513	378	100	1.28e-55	207
ASV_2dccfee0_reads16	REF_Naganishia_PP844440.1	77.513	378	100	1.28e-55	207
ASV_2dccfee0_reads16	REF_Cryptococcus_PZ458682.1	77.513	378	100	1.28e-55	207
ASV_2dccfee0_reads16	REF_Solicoccozyma_PZ575883.1	77.309	379	100	5.95e-54	202
ASV_2dccfee0_reads16	REF_Naganishia_PP844190.1	77.273	374	99	2.14e-53	200
ASV_2dccfee0_reads16	REF_Solicoccozyma_PZ690149.1	77.121	389	100	2.77e-52	196
ASV_2dccfee0_reads16	REF_Solicoccozyma_PZ444460.1	77.121	389	100	9.96e-52	195
ASV_2dccfee0_reads16	REF_Solicoccozyma_PZ444463.1	77.121	389	100	9.96e-52	195
ASV_2dccfee0_reads16	REF_Solicoccozyma_NR_202493.1	79.167	288	74	1.00e-46	178
ASV_2dccfee0_reads16	REF_Solicoccozyma_PZ575884.1	75.835	389	100	1.68e-44	171
ASV_2dccfee0_reads16	REF_Solicoccozyma_PZ057195.1	75.893	336	86	1.32e-35	141
ASV_2dccfee0_reads16	REF_Solicoccozyma_PX688946.1	75.224	335	86	2.20e-33	134
ASV_2dccfee0_reads16	REF_Solicoccozyma_PZ057073.1	75.224	335	86	2.20e-33	134
ASV_2dccfee0_reads16	REF_Solicoccozyma_PX689424.1	75.371	337	86	2.85e-32	130
ASV_2dccfee0_reads16	REF_Hannaella_PX689038.1	98.113	53	14	3.74e-21	93.5
ASV_2dccfee0_reads16	REF_Hannaella_PX689038.1	97.436	39	11	2.26e-13	67.6
ASV_9e292f53_reads13	REF_Hannaella_PZ689361.1	92.754	69	19	2.26e-23	100
ASV_3fe1fce8_reads13	REF_Solicoccozyma_NR_202493.1	96.190	105	27	4.88e-45	172
ASV_3fe1fce8_reads13	REF_Solicoccozyma_PZ444460.1	96.190	105	27	4.88e-45	172
ASV_3fe1fce8_reads13	REF_Solicoccozyma_PZ444463.1	96.190	105	27	4.88e-45	172
ASV_3fe1fce8_reads13	REF_Solicoccozyma_PZ575884.1	96.190	105	27	4.88e-45	172
ASV_3fe1fce8_reads13	REF_Solicoccozyma_PZ690149.1	96.190	105	27	4.88e-45	172
ASV_3fe1fce8_reads13	REF_Hannaella_PZ689361.1	96.190	105	27	4.88e-45	172
ASV_3fe1fce8_reads13	REF_Hannaella_PZ622170.1	91.870	123	32	6.31e-44	169
ASV_3fe1fce8_reads13	REF_Tremella_PQ889785.1	95.238	105	27	2.27e-43	167
ASV_3fe1fce8_reads13	REF_Tremella_PQ889784.1	95.238	105	27	2.27e-43	167
ASV_3fe1fce8_reads13	REF_Solicoccozyma_PZ575883.1	95.238	105	27	2.27e-43	167
ASV_3fe1fce8_reads13	REF_Hannaella_PX943695.1	95.238	105	27	2.27e-43	167
ASV_3fe1fce8_reads13	REF_Dioszegia_PQ351404.1	91.667	120	31	8.16e-43	165
ASV_3fe1fce8_reads13	REF_Dioszegia_PX458078.1	91.667	120	31	8.16e-43	165
ASV_3fe1fce8_reads13	REF_Dioszegia_PX943693.1	91.667	120	31	8.16e-43	165
ASV_3fe1fce8_reads13	REF_Dioszegia_PV682902.1	91.667	120	31	8.16e-43	165
ASV_3fe1fce8_reads13	REF_Dioszegia_PV682905.1	96.040	101	26	8.16e-43	165
ASV_3fe1fce8_reads13	REF_Dioszegia_PV682919.1	96.040	101	26	8.16e-43	165
ASV_3fe1fce8_reads13	REF_Dioszegia_PZ444491.1	96.040	101	26	8.16e-43	165
ASV_3fe1fce8_reads13	REF_Filobasidium_PQ350839.1	92.308	117	31	8.16e-43	165
ASV_3fe1fce8_reads13	REF_Filobasidium_PQ350849.1	92.308	117	31	8.16e-43	165
ASV_ffd8286f_reads13	REF_Hannaella_PZ689361.1	90.476	105	27	5.07e-35	139
ASV_32ff51ed_reads10	REF_Hannaella_PZ689361.1	94.030	67	18	6.42e-24	102
ASV_790b12ee_reads9	REF_Hannaella_PZ689361.1	95.652	69	19	1.01e-26	111
ASV_2380d87d_reads9	REF_Curvibasidium_PV834696.1	89.167	120	29	3.13e-37	147
ASV_2380d87d_reads9	REF_Curvibasidium_PV834697.1	89.167	120	29	3.13e-37	147
ASV_2380d87d_reads9	REF_Curvibasidium_PQ097071.1	89.167	120	29	3.13e-37	147
ASV_2380d87d_reads9	REF_Curvibasidium_PX587028.1	89.167	120	29	3.13e-37	147
ASV_2380d87d_reads9	REF_Curvibasidium_PX593894.1	89.167	120	29	3.13e-37	147
ASV_2380d87d_reads9	REF_Curvibasidium_PZ444431.1	89.167	120	29	3.13e-37	147
ASV_2380d87d_reads9	REF_Curvibasidium_PZ444438.1	89.167	120	29	3.13e-37	147
ASV_2380d87d_reads9	REF_Curvibasidium_PZ490420.1	89.167	120	29	3.13e-37	147
ASV_2380d87d_reads9	REF_Curvibasidium_PZ490421.1	89.167	120	29	3.13e-37	147
ASV_2380d87d_reads9	REF_Curvibasidium_PQ350715.1	89.167	120	29	3.13e-37	147
ASV_2380d87d_reads9	REF_Curvibasidium_PQ350723.1	89.167	120	29	3.13e-37	147
ASV_2380d87d_reads9	REF_Curvibasidium_PQ350799.1	89.167	120	29	3.13e-37	147
ASV_2380d87d_reads9	REF_Curvibasidium_PQ350800.1	89.167	120	29	3.13e-37	147
ASV_2380d87d_reads9	REF_Curvibasidium_PQ350801.1	89.167	120	29	3.13e-37	147
ASV_2380d87d_reads9	REF_Curvibasidium_PQ350815.1	89.167	120	29	3.13e-37	147
ASV_2380d87d_reads9	REF_Naganishia_PP844145.1	95.604	91	22	3.13e-37	147
ASV_2380d87d_reads9	REF_Naganishia_PP844183.1	95.604	91	22	3.13e-37	147
ASV_2380d87d_reads9	REF_Naganishia_PP844190.1	95.604	91	22	3.13e-37	147
ASV_2380d87d_reads9	REF_Naganishia_PP844201.1	95.604	91	22	3.13e-37	147
ASV_2380d87d_reads9	REF_Naganishia_PP844255.1	95.604	91	22	3.13e-37	147
ASV_e28b6f17_reads8	REF_Hannaella_PZ689361.1	95.652	69	19	1.03e-26	111
ASV_68a874f6_reads7	REF_Naganishia_PZ690109.1	90.090	111	32	3.41e-36	143
ASV_68a874f6_reads7	REF_Hannaella_PX587414.1	88.596	114	33	1.59e-34	137
ASV_68a874f6_reads7	REF_Hannaella_PZ059708.1	88.596	114	33	1.59e-34	137
ASV_68a874f6_reads7	REF_Bullera_PV259732.1	89.623	106	31	5.70e-34	135
ASV_68a874f6_reads7	REF_Hannaella_PX613645.1	89.623	106	31	5.70e-34	135
ASV_68a874f6_reads7	REF_Hannaella_PX943694.1	89.623	106	31	5.70e-34	135
ASV_68a874f6_reads7	REF_Hannaella_PX943695.1	89.623	106	31	5.70e-34	135
ASV_68a874f6_reads7	REF_Hannaella_PX943696.1	89.623	106	31	5.70e-34	135
ASV_68a874f6_reads7	REF_Hannaella_PX943697.1	89.623	106	31	5.70e-34	135
ASV_68a874f6_reads7	REF_Hannaella_PX943698.1	89.623	106	31	5.70e-34	135
ASV_68a874f6_reads7	REF_Hannaella_PX945999.1	89.623	106	31	5.70e-34	135
ASV_68a874f6_reads7	REF_Hannaella_PX946000.1	89.623	106	31	5.70e-34	135
ASV_68a874f6_reads7	REF_Hannaella_PX946001.1	89.623	106	31	5.70e-34	135
ASV_68a874f6_reads7	REF_Hannaella_PX946002.1	89.623	106	31	5.70e-34	135
ASV_68a874f6_reads7	REF_Hannaella_PZ012168.1	89.623	106	31	5.70e-34	135
ASV_68a874f6_reads7	REF_Hannaella_PX607723.1	89.623	106	31	5.70e-34	135
ASV_68a874f6_reads7	REF_Hannaella_PZ622170.1	89.623	106	31	5.70e-34	135
ASV_68a874f6_reads7	REF_Bullera_ON492477.1	90.476	105	30	2.05e-33	134
ASV_f4dfa3ab_reads7	REF_Filobasidium_PQ350839.1	98.165	109	27	1.42e-50	191
ASV_f4dfa3ab_reads7	REF_Filobasidium_PQ350844.1	98.165	109	27	1.42e-50	191
ASV_f4dfa3ab_reads7	REF_Filobasidium_PQ350847.1	98.165	109	27	1.42e-50	191
ASV_f4dfa3ab_reads7	REF_Filobasidium_PQ350849.1	98.165	109	27	1.42e-50	191
ASV_f4dfa3ab_reads7	REF_Filobasidium_PP844067.1	98.165	109	27	1.42e-50	191
ASV_f4dfa3ab_reads7	REF_Filobasidium_PP844131.1	98.165	109	27	1.42e-50	191
ASV_f4dfa3ab_reads7	REF_Filobasidium_PP844352.1	98.165	109	27	1.42e-50	191
ASV_f4dfa3ab_reads7	REF_Filobasidium_PP844358.1	98.165	109	27	1.42e-50	191
ASV_f4dfa3ab_reads7	REF_Filobasidium_PP844361.1	98.165	109	27	1.42e-50	191
ASV_f4dfa3ab_reads7	REF_Filobasidium_PP844371.1	98.165	109	27	1.42e-50	191
ASV_f4dfa3ab_reads7	REF_Filobasidium_PP844378.1	98.165	109	27	1.42e-50	191
ASV_f4dfa3ab_reads7	REF_Filobasidium_PP844381.1	98.165	109	27	1.42e-50	191
ASV_f4dfa3ab_reads7	REF_Filobasidium_PP844391.1	98.165	109	27	1.42e-50	191
ASV_f4dfa3ab_reads7	REF_Filobasidium_PP844395.1	98.165	109	27	1.42e-50	191
ASV_f4dfa3ab_reads7	REF_Filobasidium_PP844397.1	98.165	109	27	1.42e-50	191
ASV_f4dfa3ab_reads7	REF_Filobasidium_PP844406.1	98.165	109	27	1.42e-50	191
ASV_f4dfa3ab_reads7	REF_Filobasidium_PP844408.1	98.165	109	27	1.42e-50	191
ASV_f4dfa3ab_reads7	REF_Filobasidium_PP844421.1	98.165	109	27	1.42e-50	191
ASV_f4dfa3ab_reads7	REF_Filobasidium_PP844422.1	98.165	109	27	1.42e-50	191
ASV_f4dfa3ab_reads7	REF_Filobasidium_PP844425.1	98.165	109	27	1.42e-50	191
ASV_23dd8324_reads5	REF_Vishniacozyma_PQ350716.1	93.600	125	31	6.63e-49	185
ASV_23dd8324_reads5	REF_Vishniacozyma_PQ350897.1	93.600	125	31	6.63e-49	185
ASV_23dd8324_reads5	REF_Vishniacozyma_PQ350714.1	92.800	125	31	3.08e-47	180
ASV_23dd8324_reads5	REF_Vishniacozyma_PQ350722.1	92.800	125	31	3.08e-47	180
ASV_23dd8324_reads5	REF_Vishniacozyma_PQ350730.1	92.800	125	31	3.08e-47	180
ASV_23dd8324_reads5	REF_Vishniacozyma_PQ350747.1	92.800	125	31	3.08e-47	180
ASV_23dd8324_reads5	REF_Vishniacozyma_PQ350750.1	92.800	125	31	3.08e-47	180
ASV_23dd8324_reads5	REF_Vishniacozyma_PQ350756.1	92.800	125	31	3.08e-47	180
ASV_23dd8324_reads5	REF_Vishniacozyma_PQ350772.1	92.800	125	31	3.08e-47	180
ASV_23dd8324_reads5	REF_Vishniacozyma_PQ350779.1	92.800	125	31	3.08e-47	180
ASV_23dd8324_reads5	REF_Vishniacozyma_PQ350784.1	92.800	125	31	3.08e-47	180
ASV_23dd8324_reads5	REF_Vishniacozyma_PQ350798.1	92.800	125	31	3.08e-47	180
ASV_23dd8324_reads5	REF_Vishniacozyma_PQ350829.1	92.800	125	31	3.08e-47	180
ASV_23dd8324_reads5	REF_Vishniacozyma_PQ350833.1	92.800	125	31	3.08e-47	180
ASV_23dd8324_reads5	REF_Vishniacozyma_PQ350840.1	92.800	125	31	3.08e-47	180
ASV_23dd8324_reads5	REF_Vishniacozyma_PQ350852.1	92.800	125	31	3.08e-47	180
ASV_23dd8324_reads5	REF_Vishniacozyma_PQ350869.1	92.800	125	31	3.08e-47	180
ASV_23dd8324_reads5	REF_Vishniacozyma_PQ350885.1	92.800	125	31	3.08e-47	180
ASV_23dd8324_reads5	REF_Vishniacozyma_PQ350890.1	92.800	125	31	3.08e-47	180
ASV_23dd8324_reads5	REF_Vishniacozyma_PQ350893.1	92.800	125	31	3.08e-47	180
ASV_ac4a686f_reads5	REF_Filobasidium_PQ350839.1	97.222	108	26	2.40e-48	183
ASV_ac4a686f_reads5	REF_Filobasidium_PQ350844.1	97.222	108	26	2.40e-48	183
ASV_ac4a686f_reads5	REF_Filobasidium_PQ350847.1	97.222	108	26	2.40e-48	183
ASV_ac4a686f_reads5	REF_Filobasidium_PQ350849.1	97.222	108	26	2.40e-48	183
ASV_ac4a686f_reads5	REF_Filobasidium_PP844067.1	97.222	108	26	2.40e-48	183
ASV_ac4a686f_reads5	REF_Filobasidium_PP844131.1	97.222	108	26	2.40e-48	183
ASV_ac4a686f_reads5	REF_Filobasidium_PP844352.1	97.222	108	26	2.40e-48	183
ASV_ac4a686f_reads5	REF_Filobasidium_PP844358.1	97.222	108	26	2.40e-48	183
ASV_ac4a686f_reads5	REF_Filobasidium_PP844361.1	97.222	108	26	2.40e-48	183
ASV_ac4a686f_reads5	REF_Filobasidium_PP844371.1	97.222	108	26	2.40e-48	183
ASV_ac4a686f_reads5	REF_Filobasidium_PP844378.1	97.222	108	26	2.40e-48	183
ASV_ac4a686f_reads5	REF_Filobasidium_PP844381.1	97.222	108	26	2.40e-48	183
ASV_ac4a686f_reads5	REF_Filobasidium_PP844391.1	97.222	108	26	2.40e-48	183
ASV_ac4a686f_reads5	REF_Filobasidium_PP844395.1	97.222	108	26	2.40e-48	183
ASV_ac4a686f_reads5	REF_Filobasidium_PP844397.1	97.222	108	26	2.40e-48	183
ASV_ac4a686f_reads5	REF_Filobasidium_PP844406.1	97.222	108	26	2.40e-48	183
ASV_ac4a686f_reads5	REF_Filobasidium_PP844408.1	97.222	108	26	2.40e-48	183
ASV_ac4a686f_reads5	REF_Filobasidium_PP844421.1	97.222	108	26	2.40e-48	183
ASV_ac4a686f_reads5	REF_Filobasidium_PP844422.1	97.222	108	26	2.40e-48	183
ASV_ac4a686f_reads5	REF_Filobasidium_PP844425.1	97.222	108	26	2.40e-48	183
ASV_d4f8e0b2_reads4	REF_Hannaella_PZ689361.1	87.288	118	30	2.99e-32	130
ASV_f3564bc7_reads4	REF_Naganishia_PP844145.1	93.000	100	27	2.80e-37	147
ASV_f3564bc7_reads4	REF_Naganishia_PP844183.1	93.000	100	27	2.80e-37	147
ASV_f3564bc7_reads4	REF_Naganishia_PP844190.1	93.000	100	27	2.80e-37	147
ASV_f3564bc7_reads4	REF_Naganishia_PP844201.1	93.000	100	27	2.80e-37	147
ASV_f3564bc7_reads4	REF_Naganishia_PP844255.1	93.000	100	27	2.80e-37	147
ASV_f3564bc7_reads4	REF_Naganishia_PP844265.1	93.000	100	27	2.80e-37	147
ASV_f3564bc7_reads4	REF_Naganishia_PP844281.1	93.000	100	27	2.80e-37	147
ASV_f3564bc7_reads4	REF_Naganishia_PP844287.1	93.000	100	27	2.80e-37	147
ASV_f3564bc7_reads4	REF_Naganishia_PP844290.1	93.000	100	27	2.80e-37	147
ASV_f3564bc7_reads4	REF_Naganishia_PP844293.1	93.000	100	27	2.80e-37	147
ASV_f3564bc7_reads4	REF_Naganishia_PP844440.1	93.000	100	27	2.80e-37	147
ASV_f3564bc7_reads4	REF_Cryptococcus_PZ458682.1	93.000	100	27	2.80e-37	147
ASV_f3564bc7_reads4	REF_Saitozyma_PZ671361.1	92.000	100	27	1.30e-35	141
ASV_f3564bc7_reads4	REF_Tremella_PZ630574.1	91.000	100	27	6.07e-34	135
ASV_f3564bc7_reads4	REF_Solicoccozyma_NR_202493.1	91.000	100	27	6.07e-34	135
ASV_f3564bc7_reads4	REF_Solicoccozyma_PZ444460.1	91.000	100	27	6.07e-34	135
ASV_f3564bc7_reads4	REF_Solicoccozyma_PZ444463.1	91.000	100	27	6.07e-34	135
ASV_f3564bc7_reads4	REF_Solicoccozyma_PZ575884.1	91.000	100	27	6.07e-34	135
ASV_f3564bc7_reads4	REF_Solicoccozyma_PZ690149.1	91.000	100	27	6.07e-34	135
ASV_f3564bc7_reads4	REF_Saitozyma_PV834676.1	91.000	100	27	6.07e-34	135
ASV_2141f646_reads4	REF_Hannaella_PZ689361.1	95.652	69	19	1.03e-26	111
ASV_f709d341_reads4	REF_Dioszegia_PV682905.1	95.522	67	19	1.29e-25	108
ASV_f709d341_reads4	REF_Dioszegia_PV682919.1	95.522	67	19	1.29e-25	108
ASV_f709d341_reads4	REF_Dioszegia_PZ444491.1	95.522	67	19	1.29e-25	108
ASV_f709d341_reads4	REF_Dioszegia_PX422161.1	100.000	33	9	1.02e-11	62.1
ASV_f709d341_reads4	REF_Dioszegia_PX421942.1	96.970	33	9	4.73e-10	56.5
ASV_f709d341_reads4	REF_Dioszegia_PX422228.1	96.970	33	9	4.73e-10	56.5
ASV_f93930c6_reads3	REF_Naganishia_PP844145.1	89.076	119	30	3.06e-37	147
ASV_f93930c6_reads3	REF_Naganishia_PP844183.1	89.076	119	30	3.06e-37	147
ASV_f93930c6_reads3	REF_Naganishia_PP844190.1	89.076	119	30	3.06e-37	147
ASV_f93930c6_reads3	REF_Naganishia_PP844201.1	89.076	119	30	3.06e-37	147
ASV_f93930c6_reads3	REF_Naganishia_PP844255.1	95.604	91	23	3.06e-37	147
ASV_f93930c6_reads3	REF_Naganishia_PP844265.1	89.076	119	30	3.06e-37	147
ASV_f93930c6_reads3	REF_Naganishia_PP844281.1	89.076	119	30	3.06e-37	147
ASV_f93930c6_reads3	REF_Naganishia_PP844287.1	89.076	119	30	3.06e-37	147
ASV_f93930c6_reads3	REF_Naganishia_PP844290.1	89.076	119	30	3.06e-37	147
ASV_f93930c6_reads3	REF_Naganishia_PP844293.1	89.076	119	30	3.06e-37	147
ASV_f93930c6_reads3	REF_Naganishia_PP844440.1	89.076	119	30	3.06e-37	147
ASV_f93930c6_reads3	REF_Cryptococcus_PZ458682.1	89.076	119	30	3.06e-37	147
ASV_f93930c6_reads3	REF_Curvibasidium_PV834696.1	92.857	98	24	1.42e-35	141
ASV_f93930c6_reads3	REF_Curvibasidium_PV834697.1	92.857	98	24	1.42e-35	141
ASV_f93930c6_reads3	REF_Curvibasidium_PQ097071.1	92.857	98	24	1.42e-35	141
ASV_f93930c6_reads3	REF_Curvibasidium_PX587028.1	92.857	98	24	1.42e-35	141
ASV_f93930c6_reads3	REF_Curvibasidium_PX593894.1	92.857	98	24	1.42e-35	141
ASV_f93930c6_reads3	REF_Curvibasidium_PZ444431.1	92.857	98	24	1.42e-35	141
ASV_f93930c6_reads3	REF_Curvibasidium_PZ444438.1	92.857	98	24	1.42e-35	141
ASV_f93930c6_reads3	REF_Curvibasidium_PZ490420.1	92.857	98	24	1.42e-35	141
ASV_676c20ba_reads3	REF_Hannaella_PZ689361.1	91.304	69	19	1.01e-21	95.3
ASV_f9d51aca_reads3	REF_Naganishia_PZ690109.1	90.090	111	33	3.33e-36	143
ASV_f9d51aca_reads3	REF_Hannaella_PX587414.1	88.596	114	34	1.55e-34	137
ASV_f9d51aca_reads3	REF_Hannaella_PZ059708.1	88.596	114	34	1.55e-34	137
ASV_f9d51aca_reads3	REF_Bullera_PV259732.1	89.623	106	32	5.58e-34	135
ASV_f9d51aca_reads3	REF_Hannaella_PX613645.1	89.623	106	32	5.58e-34	135
ASV_f9d51aca_reads3	REF_Hannaella_PX943694.1	89.623	106	32	5.58e-34	135
ASV_f9d51aca_reads3	REF_Hannaella_PX943695.1	89.623	106	32	5.58e-34	135
ASV_f9d51aca_reads3	REF_Hannaella_PX943696.1	89.623	106	32	5.58e-34	135
ASV_f9d51aca_reads3	REF_Hannaella_PX943697.1	89.623	106	32	5.58e-34	135
ASV_f9d51aca_reads3	REF_Hannaella_PX943698.1	89.623	106	32	5.58e-34	135
ASV_f9d51aca_reads3	REF_Hannaella_PX945999.1	89.623	106	32	5.58e-34	135
ASV_f9d51aca_reads3	REF_Hannaella_PX946000.1	89.623	106	32	5.58e-34	135
ASV_f9d51aca_reads3	REF_Hannaella_PX946001.1	89.623	106	32	5.58e-34	135
ASV_f9d51aca_reads3	REF_Hannaella_PX946002.1	89.623	106	32	5.58e-34	135
ASV_f9d51aca_reads3	REF_Hannaella_PZ012168.1	89.623	106	32	5.58e-34	135
ASV_f9d51aca_reads3	REF_Hannaella_PX607723.1	89.623	106	32	5.58e-34	135
ASV_f9d51aca_reads3	REF_Hannaella_PZ622170.1	89.623	106	32	5.58e-34	135
ASV_f9d51aca_reads3	REF_Bullera_ON492477.1	90.476	105	31	2.01e-33	134
ASV_76ad754a_reads3	REF_Hannaella_PZ689361.1	94.118	68	18	6.39e-24	102
ASV_83ab6f6d_reads2	REF_Filobasidium_PQ350844.1	90.244	123	34	3.61e-41	159
ASV_83ab6f6d_reads2	REF_Filobasidium_PQ350847.1	90.244	123	34	3.61e-41	159
ASV_83ab6f6d_reads2	REF_Filobasidium_PP844067.1	90.244	123	34	3.61e-41	159
ASV_83ab6f6d_reads2	REF_Filobasidium_PP844131.1	90.244	123	34	3.61e-41	159
ASV_83ab6f6d_reads2	REF_Filobasidium_PP844352.1	90.244	123	34	3.61e-41	159
ASV_83ab6f6d_reads2	REF_Filobasidium_PP844361.1	90.244	123	34	3.61e-41	159
ASV_83ab6f6d_reads2	REF_Filobasidium_PP844361.1	90.385	52	14	2.25e-13	67.6
ASV_83ab6f6d_reads2	REF_Filobasidium_PP844371.1	90.244	123	34	3.61e-41	159
ASV_83ab6f6d_reads2	REF_Filobasidium_PP844371.1	90.385	52	14	2.25e-13	67.6
ASV_83ab6f6d_reads2	REF_Filobasidium_PP844378.1	90.244	123	34	3.61e-41	159
ASV_83ab6f6d_reads2	REF_Filobasidium_PP844378.1	90.385	52	14	2.25e-13	67.6
ASV_83ab6f6d_reads2	REF_Filobasidium_PP844381.1	90.244	123	34	3.61e-41	159
ASV_83ab6f6d_reads2	REF_Filobasidium_PP844381.1	90.385	52	14	2.25e-13	67.6
ASV_83ab6f6d_reads2	REF_Filobasidium_PP844391.1	90.244	123	34	3.61e-41	159
ASV_83ab6f6d_reads2	REF_Filobasidium_PP844395.1	90.244	123	34	3.61e-41	159
ASV_83ab6f6d_reads2	REF_Filobasidium_PP844397.1	90.244	123	34	3.61e-41	159
ASV_83ab6f6d_reads2	REF_Filobasidium_PP844406.1	90.244	123	34	3.61e-41	159
ASV_83ab6f6d_reads2	REF_Filobasidium_PP844408.1	90.244	123	34	3.61e-41	159
ASV_83ab6f6d_reads2	REF_Filobasidium_PP844408.1	90.385	52	14	2.25e-13	67.6
ASV_83ab6f6d_reads2	REF_Filobasidium_PP844421.1	90.244	123	34	3.61e-41	159
ASV_83ab6f6d_reads2	REF_Filobasidium_PP844421.1	89.796	49	13	1.05e-11	62.1
ASV_83ab6f6d_reads2	REF_Filobasidium_PP844422.1	90.244	123	34	3.61e-41	159
ASV_83ab6f6d_reads2	REF_Filobasidium_PP844422.1	89.362	47	13	1.36e-10	58.4
ASV_83ab6f6d_reads2	REF_Filobasidium_PP844425.1	90.244	123	34	3.61e-41	159
ASV_83ab6f6d_reads2	REF_Filobasidium_PP844429.1	90.244	123	34	3.61e-41	159
ASV_83ab6f6d_reads2	REF_Filobasidium_PP844429.1	93.182	44	12	8.10e-13	65.8
ASV_83ab6f6d_reads2	REF_Filobasidium_PP844450.1	90.244	123	34	3.61e-41	159
ASV_83ab6f6d_reads2	REF_Filobasidium_PP844450.1	90.000	50	14	2.91e-12	63.9
ASV_83ab6f6d_reads2	REF_Naganishia_PP844244.1	90.244	123	34	3.61e-41	159
ASV_aa120699_reads2	REF_Hannaella_PZ689361.1	88.785	107	26	1.12e-31	128
ASV_ac534075_reads2	REF_Naganishia_PP844145.1	93.388	121	30	1.09e-46	178
ASV_ac534075_reads2	REF_Naganishia_PP844145.1	97.778	45	11	4.07e-16	76.8
ASV_ac534075_reads2	REF_Naganishia_PP844183.1	93.388	121	30	1.09e-46	178
ASV_ac534075_reads2	REF_Naganishia_PP844190.1	93.388	121	30	1.09e-46	178
ASV_ac534075_reads2	REF_Naganishia_PP844190.1	97.561	41	10	6.82e-14	69.4
ASV_ac534075_reads2	REF_Naganishia_PP844201.1	93.388	121	30	1.09e-46	178
ASV_ac534075_reads2	REF_Naganishia_PP844265.1	93.388	121	30	1.09e-46	178
ASV_ac534075_reads2	REF_Naganishia_PP844281.1	93.388	121	30	1.09e-46	178
ASV_ac534075_reads2	REF_Naganishia_PP844281.1	97.778	45	11	4.07e-16	76.8
ASV_ac534075_reads2	REF_Naganishia_PP844287.1	93.388	121	30	1.09e-46	178
ASV_ac534075_reads2	REF_Naganishia_PP844290.1	93.388	121	30	1.09e-46	178
ASV_ac534075_reads2	REF_Naganishia_PP844293.1	93.388	121	30	1.09e-46	178
ASV_ac534075_reads2	REF_Naganishia_PP844293.1	97.778	45	11	4.07e-16	76.8
ASV_ac534075_reads2	REF_Naganishia_PP844440.1	93.388	121	30	1.09e-46	178
ASV_ac534075_reads2	REF_Naganishia_PP844440.1	97.778	45	11	4.07e-16	76.8
ASV_ac534075_reads2	REF_Cryptococcus_PZ458682.1	93.388	121	30	1.09e-46	178
ASV_ac534075_reads2	REF_Cryptococcus_PZ458682.1	97.778	45	11	4.07e-16	76.8
ASV_ac534075_reads2	REF_Solicoccozyma_NR_202493.1	95.455	110	28	3.91e-46	176
ASV_ac534075_reads2	REF_Solicoccozyma_PZ444460.1	95.455	110	28	3.91e-46	176
ASV_ac534075_reads2	REF_Solicoccozyma_PZ444460.1	100.000	40	10	1.47e-15	75.0
ASV_ac534075_reads2	REF_Solicoccozyma_PZ444463.1	95.455	110	28	3.91e-46	176
ASV_ac534075_reads2	REF_Solicoccozyma_PZ444463.1	100.000	40	10	1.47e-15	75.0
ASV_ac534075_reads2	REF_Solicoccozyma_PZ690149.1	95.455	110	28	3.91e-46	176
ASV_ac534075_reads2	REF_Solicoccozyma_PZ690149.1	100.000	40	10	1.47e-15	75.0
ASV_ac534075_reads2	REF_Saitozyma_PZ671361.1	96.262	107	27	3.91e-46	176
ASV_ac534075_reads2	REF_Saitozyma_PZ671361.1	97.436	39	10	2.45e-13	67.6
ASV_ac534075_reads2	REF_Curvibasidium_PV834696.1	95.413	109	28	1.40e-45	174
ASV_ac534075_reads2	REF_Curvibasidium_PV834697.1	95.413	109	28	1.40e-45	174
ASV_ac534075_reads2	REF_Curvibasidium_PQ097071.1	95.413	109	28	1.40e-45	174
ASV_ac534075_reads2	REF_Curvibasidium_PX587028.1	95.413	109	28	1.40e-45	174
ASV_09e1f7d7_reads1	REF_Filobasidium_PQ350839.1	96.296	108	26	1.12e-46	178
ASV_09e1f7d7_reads1	REF_Filobasidium_PQ350844.1	96.296	108	26	1.12e-46	178
ASV_09e1f7d7_reads1	REF_Filobasidium_PQ350847.1	96.296	108	26	1.12e-46	178
ASV_09e1f7d7_reads1	REF_Filobasidium_PQ350849.1	96.296	108	26	1.12e-46	178
ASV_09e1f7d7_reads1	REF_Filobasidium_PP844067.1	96.296	108	26	1.12e-46	178
ASV_09e1f7d7_reads1	REF_Filobasidium_PP844131.1	96.296	108	26	1.12e-46	178
ASV_09e1f7d7_reads1	REF_Filobasidium_PP844352.1	96.296	108	26	1.12e-46	178
ASV_09e1f7d7_reads1	REF_Filobasidium_PP844358.1	96.296	108	26	1.12e-46	178
ASV_09e1f7d7_reads1	REF_Filobasidium_PP844361.1	96.296	108	26	1.12e-46	178
ASV_09e1f7d7_reads1	REF_Filobasidium_PP844371.1	96.296	108	26	1.12e-46	178
ASV_09e1f7d7_reads1	REF_Filobasidium_PP844378.1	96.296	108	26	1.12e-46	178
ASV_09e1f7d7_reads1	REF_Filobasidium_PP844381.1	96.296	108	26	1.12e-46	178
ASV_09e1f7d7_reads1	REF_Filobasidium_PP844391.1	96.296	108	26	1.12e-46	178
ASV_09e1f7d7_reads1	REF_Filobasidium_PP844395.1	96.296	108	26	1.12e-46	178
ASV_09e1f7d7_reads1	REF_Filobasidium_PP844397.1	96.296	108	26	1.12e-46	178
ASV_09e1f7d7_reads1	REF_Filobasidium_PP844406.1	96.296	108	26	1.12e-46	178
ASV_09e1f7d7_reads1	REF_Filobasidium_PP844408.1	96.296	108	26	1.12e-46	178
ASV_09e1f7d7_reads1	REF_Filobasidium_PP844421.1	96.296	108	26	1.12e-46	178
ASV_09e1f7d7_reads1	REF_Filobasidium_PP844422.1	96.296	108	26	1.12e-46	178
ASV_09e1f7d7_reads1	REF_Filobasidium_PP844425.1	96.296	108	26	1.12e-46	178
