ASV_1774d1f9_rel0.6	REF_luteoviridisstrain_MH855948.1	88.818	313	100	2.09e-105	370
ASV_1774d1f9_rel0.6	REF_africanastrain_MH863095.1	88.710	310	100	2.09e-105	370
ASV_1774d1f9_rel0.6	REF_cateniformisstrain_MH865902.1	88.498	313	100	2.71e-104	366
ASV_1774d1f9_rel0.6	REF_sp.T744351_PX596879.1	88.387	310	100	9.74e-104	364
ASV_1774d1f9_rel0.6	REF_sp.T744351_PX596880.1	88.387	310	100	9.74e-104	364
ASV_1774d1f9_rel0.6	REF_lignicolastrain_MH855438.1	88.179	313	100	4.53e-102	359
ASV_1774d1f9_rel0.6	REF_discosporastrain_MH857740.1	88.065	310	100	4.53e-102	359
ASV_1774d1f9_rel0.6	REF_caninastrain_MH866063.1	88.065	310	100	4.53e-102	359
ASV_1774d1f9_rel0.6	REF_urdiaestrain_PZ123755.1	88.065	310	100	1.63e-101	357
ASV_1774d1f9_rel0.6	REF_luteorubrastrain_MH865901.1	87.781	311	100	2.11e-100	353
ASV_1774d1f9_rel0.6	REF_ostreastrain_MH859821.1	91.837	245	80	1.64e-96	340
ASV_1774d1f9_rel0.6	REF_ellipsoideastrain_MH859092.1	86.817	311	100	2.12e-95	337
ASV_1774d1f9_rel0.6	REF_punctulatastrain_MH861254.1	86.817	311	100	2.12e-95	337
ASV_1774d1f9_rel0.6	REF_fasciculatastrain_MH855947.1	87.755	294	94	3.55e-93	329
ASV_1774d1f9_rel0.6	REF_terrestrisstrain_MH857096.1	86.495	311	100	3.55e-93	329
ASV_1774d1f9_rel0.6	REF_verticillatastrain_MH860369.1	90.763	249	80	1.28e-92	327
ASV_1774d1f9_rel0.6	REF_ligniculture_PZ221274.1	86.469	303	98	2.14e-90	320
ASV_1774d1f9_rel0.6	REF_polyspermastrain_MH861109.1	89.837	246	80	3.58e-88	313
ASV_1774d1f9_rel0.6	REF_sp.isolate_PZ716338.1	89.474	247	80	1.66e-86	307
ASV_1774d1f9_rel0.6	REF_ellipsoideastrain_MH859091.1	85.959	292	94	7.74e-85	302
ASV_d045f091_rel0.7	REF_africanastrain_MH863095.1	94.098	305	100	1.20e-132	460
ASV_d045f091_rel0.7	REF_luteorubrastrain_MH865901.1	93.160	307	100	3.35e-128	446
ASV_d045f091_rel0.7	REF_lignicolastrain_MH855438.1	92.810	306	100	5.60e-126	438
ASV_d045f091_rel0.7	REF_luteoviridisstrain_MH855948.1	92.484	306	100	2.61e-124	433
ASV_d045f091_rel0.7	REF_discosporastrain_MH857740.1	91.857	307	100	1.57e-121	424
ASV_d045f091_rel0.7	REF_polyspermastrain_MH861109.1	94.872	273	90	1.57e-121	424
ASV_d045f091_rel0.7	REF_cateniformisstrain_MH865902.1	91.558	308	100	7.30e-120	418
ASV_d045f091_rel0.7	REF_urdiaestrain_PZ123755.1	91.531	307	100	2.62e-119	416
ASV_d045f091_rel0.7	REF_ellipsoideastrain_MH859092.1	91.503	306	100	2.62e-119	416
ASV_d045f091_rel0.7	REF_punctulatastrain_MH861254.1	91.503	306	100	2.62e-119	416
ASV_d045f091_rel0.7	REF_caninastrain_MH866063.1	91.205	307	100	3.39e-118	412
ASV_d045f091_rel0.7	REF_sp.T744351_PX596879.1	90.879	307	100	5.68e-116	405
ASV_d045f091_rel0.7	REF_sp.T744351_PX596880.1	90.879	307	100	5.68e-116	405
ASV_d045f091_rel0.7	REF_fasciculatastrain_MH855947.1	92.334	287	94	2.04e-115	403
ASV_d045f091_rel0.7	REF_ostreastrain_MH859821.1	93.431	274	90	7.35e-115	401
ASV_d045f091_rel0.7	REF_verticillatastrain_MH860369.1	94.488	254	82	2.06e-110	387
ASV_d045f091_rel0.7	REF_ellipsoideastrain_MH859091.1	90.941	287	94	9.57e-109	381
ASV_d045f091_rel0.7	REF_sp.isolate_PZ690815.1	88.889	306	100	5.76e-106	372
ASV_d045f091_rel0.7	REF_sp.isolate_PZ716338.1	92.520	254	83	3.47e-103	363
ASV_d045f091_rel0.7	REF_mutabilisstrain_MH856122.1	89.860	286	94	3.47e-103	363
