ASV_0a2b6529_rel1.0	REF_maydisstrain_PZ745917.1	99.669	302	100	2.12e-160	553
ASV_0a2b6529_rel1.0	REF_maydisstrain_PZ745918.1	99.669	302	100	2.12e-160	553
ASV_0a2b6529_rel1.0	REF_maydisstrain_PZ745919.1	99.669	302	100	2.12e-160	553
ASV_0a2b6529_rel1.0	REF_maydisstrain_PZ745920.1	99.669	302	100	2.12e-160	553
ASV_0a2b6529_rel1.0	REF_brennandiaeisolate_PZ779685.1	99.669	302	100	2.12e-160	553
ASV_0a2b6529_rel1.0	REF_brennandiaeisolate_PZ779687.1	99.669	302	100	2.12e-160	553
ASV_0a2b6529_rel1.0	REF_brennandiaeisolate_PZ779686.1	99.669	302	100	2.12e-160	553
ASV_0a2b6529_rel1.0	REF_brennandiaeisolate_PZ779689.1	99.669	302	100	2.12e-160	553
ASV_0a2b6529_rel1.0	REF_coffeaearabicaestrain_MH863293.1	99.669	302	100	2.12e-160	553
ASV_0a2b6529_rel1.0	REF_tinkyukukuisolate_PZ779985.1	99.338	302	100	9.88e-159	547
ASV_0a2b6529_rel1.0	REF_microchlamydosporastrain_MH862504.1	99.338	302	100	9.88e-159	547
ASV_0a2b6529_rel1.0	REF_heteroderaestrain_MH862666.1	99.338	302	100	9.88e-159	547
ASV_0a2b6529_rel1.0	REF_pedeiaestrain_MH863383.1	99.338	302	100	9.88e-159	547
ASV_0a2b6529_rel1.0	REF_longicollastrain_MH863382.1	99.010	303	100	4.59e-157	542
ASV_0a2b6529_rel1.0	REF_sp.strain_PZ745922.1	98.680	303	100	2.14e-155	536
ASV_0a2b6529_rel1.0	REF_nigrumisolate_PZ779821.1	98.675	302	100	2.14e-155	536
ASV_0a2b6529_rel1.0	REF_phacaeculture_MH868978.1	98.675	302	100	2.14e-155	536
ASV_0a2b6529_rel1.0	REF_crystalliniformisstrain_MH861912.1	98.355	304	100	2.77e-154	532
ASV_0a2b6529_rel1.0	REF_lupinistrain_MH862737.1	98.350	303	100	9.95e-154	531
ASV_0a2b6529_rel1.0	REF_bulgaricastrain_MH861745.1	98.013	302	100	4.63e-152	525
ASV_3257692a_rel0.6	REF_phacaeculture_MH868978.1	99.007	302	100	4.59e-157	542
ASV_3257692a_rel0.6	REF_tinkyukukuisolate_PZ779985.1	98.344	302	100	9.95e-154	531
ASV_3257692a_rel0.6	REF_bulgaricastrain_MH861745.1	98.344	302	100	9.95e-154	531
ASV_3257692a_rel0.6	REF_brennandiaeisolate_PZ779685.1	98.013	302	100	4.63e-152	525
ASV_3257692a_rel0.6	REF_brennandiaeisolate_PZ779687.1	98.013	302	100	4.63e-152	525
ASV_3257692a_rel0.6	REF_brennandiaeisolate_PZ779686.1	98.013	302	100	4.63e-152	525
ASV_3257692a_rel0.6	REF_brennandiaeisolate_PZ779689.1	98.013	302	100	4.63e-152	525
ASV_3257692a_rel0.6	REF_nigrumisolate_PZ779821.1	97.682	302	100	2.15e-150	520
ASV_3257692a_rel0.6	REF_microchlamydosporastrain_MH862504.1	97.682	302	100	2.15e-150	520
ASV_3257692a_rel0.6	REF_heteroderaestrain_MH862666.1	97.682	302	100	2.15e-150	520
ASV_3257692a_rel0.6	REF_exiguaisolate_PZ779834.1	97.993	299	99	7.74e-150	518
ASV_3257692a_rel0.6	REF_maydisstrain_PZ745917.1	97.351	302	100	1.00e-148	514
ASV_3257692a_rel0.6	REF_maydisstrain_PZ745918.1	97.351	302	100	1.00e-148	514
ASV_3257692a_rel0.6	REF_maydisstrain_PZ745919.1	97.351	302	100	1.00e-148	514
ASV_3257692a_rel0.6	REF_maydisstrain_PZ745920.1	97.351	302	100	1.00e-148	514
ASV_3257692a_rel0.6	REF_lupinistrain_MH862737.1	97.360	303	100	1.00e-148	514
ASV_3257692a_rel0.6	REF_coffeaearabicaestrain_MH863293.1	97.351	302	100	1.00e-148	514
ASV_3257692a_rel0.6	REF_sp.strain_PZ745922.1	97.030	303	100	4.66e-147	508
ASV_3257692a_rel0.6	REF_crurishominisstrain_MH862362.1	98.276	290	96	4.66e-147	508
ASV_3257692a_rel0.6	REF_boeremaestrain_MH862845.1	98.276	290	96	4.66e-147	508
ASV_89fc352d_rel1.5	REF_tinkyukukuisolate_PZ779985.1	100.000	302	100	4.56e-162	558
ASV_89fc352d_rel1.5	REF_brennandiaeisolate_PZ779685.1	99.669	302	100	2.12e-160	553
ASV_89fc352d_rel1.5	REF_brennandiaeisolate_PZ779687.1	99.669	302	100	2.12e-160	553
ASV_89fc352d_rel1.5	REF_brennandiaeisolate_PZ779686.1	99.669	302	100	2.12e-160	553
ASV_89fc352d_rel1.5	REF_brennandiaeisolate_PZ779689.1	99.669	302	100	2.12e-160	553
ASV_89fc352d_rel1.5	REF_nigrumisolate_PZ779821.1	99.338	302	100	9.88e-159	547
ASV_89fc352d_rel1.5	REF_heteroderaestrain_MH862666.1	99.338	302	100	9.88e-159	547
ASV_89fc352d_rel1.5	REF_phacaeculture_MH868978.1	99.338	302	100	9.88e-159	547
ASV_89fc352d_rel1.5	REF_maydisstrain_PZ745917.1	99.007	302	100	4.59e-157	542
ASV_89fc352d_rel1.5	REF_maydisstrain_PZ745918.1	99.007	302	100	4.59e-157	542
ASV_89fc352d_rel1.5	REF_maydisstrain_PZ745919.1	99.007	302	100	4.59e-157	542
ASV_89fc352d_rel1.5	REF_maydisstrain_PZ745920.1	99.007	302	100	4.59e-157	542
ASV_89fc352d_rel1.5	REF_coffeaearabicaestrain_MH863293.1	99.007	302	100	4.59e-157	542
ASV_89fc352d_rel1.5	REF_sp.strain_PZ745922.1	98.680	303	100	2.14e-155	536
ASV_89fc352d_rel1.5	REF_microchlamydosporastrain_MH862504.1	98.675	302	100	2.14e-155	536
ASV_89fc352d_rel1.5	REF_proteaestrain_MH862956.1	100.000	290	96	2.14e-155	536
ASV_89fc352d_rel1.5	REF_pedeiaestrain_MH863383.1	98.675	302	100	2.14e-155	536
ASV_89fc352d_rel1.5	REF_exiguaisolate_PZ779834.1	98.997	299	99	7.69e-155	534
ASV_89fc352d_rel1.5	REF_longicollastrain_MH863382.1	98.350	303	100	9.95e-154	531
ASV_89fc352d_rel1.5	REF_bulgaricastrain_MH861745.1	98.013	302	100	4.63e-152	525
ASV_95f22b73_rel18.1	REF_brennandiaeisolate_PZ779685.1	99.669	302	100	2.12e-160	553
ASV_95f22b73_rel18.1	REF_brennandiaeisolate_PZ779687.1	99.669	302	100	2.12e-160	553
ASV_95f22b73_rel18.1	REF_brennandiaeisolate_PZ779686.1	99.669	302	100	2.12e-160	553
ASV_95f22b73_rel18.1	REF_brennandiaeisolate_PZ779689.1	99.669	302	100	2.12e-160	553
ASV_95f22b73_rel18.1	REF_tinkyukukuisolate_PZ779985.1	99.338	302	100	9.88e-159	547
ASV_95f22b73_rel18.1	REF_microchlamydosporastrain_MH862504.1	99.338	302	100	9.88e-159	547
ASV_95f22b73_rel18.1	REF_heteroderaestrain_MH862666.1	99.338	302	100	9.88e-159	547
ASV_95f22b73_rel18.1	REF_phacaeculture_MH868978.1	99.338	302	100	9.88e-159	547
ASV_95f22b73_rel18.1	REF_maydisstrain_PZ745917.1	99.007	302	100	4.59e-157	542
ASV_95f22b73_rel18.1	REF_maydisstrain_PZ745918.1	99.007	302	100	4.59e-157	542
ASV_95f22b73_rel18.1	REF_maydisstrain_PZ745919.1	99.007	302	100	4.59e-157	542
ASV_95f22b73_rel18.1	REF_maydisstrain_PZ745920.1	99.007	302	100	4.59e-157	542
ASV_95f22b73_rel18.1	REF_coffeaearabicaestrain_MH863293.1	99.007	302	100	4.59e-157	542
ASV_95f22b73_rel18.1	REF_nigrumisolate_PZ779821.1	98.675	302	100	2.14e-155	536
ASV_95f22b73_rel18.1	REF_pedeiaestrain_MH863383.1	98.675	302	100	2.14e-155	536
ASV_95f22b73_rel18.1	REF_bulgaricastrain_MH861745.1	98.344	302	100	9.95e-154	531
ASV_95f22b73_rel18.1	REF_lupinistrain_MH862737.1	98.350	303	100	9.95e-154	531
ASV_95f22b73_rel18.1	REF_longicollastrain_MH863382.1	98.350	303	100	9.95e-154	531
ASV_95f22b73_rel18.1	REF_sp.strain_PZ745922.1	98.020	303	100	4.63e-152	525
ASV_95f22b73_rel18.1	REF_microchlamydosporastrain_MH862231.1	99.310	290	96	4.63e-152	525
ASV_a8b4345a_rel7.1	REF_sp.strain_PZ745922.1	100.000	303	100	1.27e-162	560
ASV_a8b4345a_rel7.1	REF_maydisstrain_PZ745917.1	99.010	303	100	4.61e-157	542
ASV_a8b4345a_rel7.1	REF_maydisstrain_PZ745918.1	99.010	303	100	4.61e-157	542
ASV_a8b4345a_rel7.1	REF_maydisstrain_PZ745919.1	99.010	303	100	4.61e-157	542
ASV_a8b4345a_rel7.1	REF_maydisstrain_PZ745920.1	99.010	303	100	4.61e-157	542
ASV_a8b4345a_rel7.1	REF_coffeaearabicaestrain_MH863293.1	99.010	303	100	4.61e-157	542
ASV_a8b4345a_rel7.1	REF_tinkyukukuisolate_PZ779985.1	98.680	303	100	2.15e-155	536
ASV_a8b4345a_rel7.1	REF_pedeiaestrain_MH863383.1	98.680	303	100	2.15e-155	536
ASV_a8b4345a_rel7.1	REF_longicollastrain_MH863382.1	98.355	304	100	2.77e-154	532
ASV_a8b4345a_rel7.1	REF_brennandiaeisolate_PZ779685.1	98.350	303	100	9.98e-154	531
ASV_a8b4345a_rel7.1	REF_brennandiaeisolate_PZ779687.1	98.350	303	100	9.98e-154	531
ASV_a8b4345a_rel7.1	REF_brennandiaeisolate_PZ779686.1	98.350	303	100	9.98e-154	531
ASV_a8b4345a_rel7.1	REF_brennandiaeisolate_PZ779689.1	98.350	303	100	9.98e-154	531
ASV_a8b4345a_rel7.1	REF_nigrumisolate_PZ779821.1	98.020	303	100	4.64e-152	525
ASV_a8b4345a_rel7.1	REF_microchlamydosporastrain_MH862504.1	98.020	303	100	4.64e-152	525
ASV_a8b4345a_rel7.1	REF_heteroderaestrain_MH862666.1	98.020	303	100	4.64e-152	525
ASV_a8b4345a_rel7.1	REF_phacaeculture_MH868978.1	98.020	303	100	4.64e-152	525
ASV_a8b4345a_rel7.1	REF_crystalliniformisstrain_MH861912.1	97.705	305	100	6.01e-151	521
ASV_a8b4345a_rel7.1	REF_lupinistrain_MH862737.1	97.697	304	100	6.01e-151	521
ASV_a8b4345a_rel7.1	REF_dorenboschiistrain_MH862222.1	98.630	292	96	2.79e-149	516
ASV_bf565f10_rel1.6	REF_maydisstrain_PZ745917.1	100.000	302	100	4.56e-162	558
ASV_bf565f10_rel1.6	REF_maydisstrain_PZ745918.1	100.000	302	100	4.56e-162	558
ASV_bf565f10_rel1.6	REF_maydisstrain_PZ745919.1	100.000	302	100	4.56e-162	558
ASV_bf565f10_rel1.6	REF_maydisstrain_PZ745920.1	100.000	302	100	4.56e-162	558
ASV_bf565f10_rel1.6	REF_coffeaearabicaestrain_MH863293.1	100.000	302	100	4.56e-162	558
ASV_bf565f10_rel1.6	REF_pedeiaestrain_MH863383.1	99.669	302	100	2.12e-160	553
ASV_bf565f10_rel1.6	REF_brennandiaeisolate_PZ779685.1	99.338	302	100	9.88e-159	547
ASV_bf565f10_rel1.6	REF_brennandiaeisolate_PZ779687.1	99.338	302	100	9.88e-159	547
ASV_bf565f10_rel1.6	REF_brennandiaeisolate_PZ779686.1	99.338	302	100	9.88e-159	547
ASV_bf565f10_rel1.6	REF_brennandiaeisolate_PZ779689.1	99.338	302	100	9.88e-159	547
ASV_bf565f10_rel1.6	REF_longicollastrain_MH863382.1	99.340	303	100	9.88e-159	547
ASV_bf565f10_rel1.6	REF_sp.strain_PZ745922.1	99.010	303	100	4.59e-157	542
ASV_bf565f10_rel1.6	REF_tinkyukukuisolate_PZ779985.1	99.007	302	100	4.59e-157	542
ASV_bf565f10_rel1.6	REF_microchlamydosporastrain_MH862504.1	99.007	302	100	4.59e-157	542
ASV_bf565f10_rel1.6	REF_heteroderaestrain_MH862666.1	99.007	302	100	4.59e-157	542
ASV_bf565f10_rel1.6	REF_crystalliniformisstrain_MH861912.1	98.684	304	100	5.94e-156	538
ASV_bf565f10_rel1.6	REF_lupinistrain_MH862737.1	98.680	303	100	2.14e-155	536
ASV_bf565f10_rel1.6	REF_nigrumisolate_PZ779821.1	98.344	302	100	9.95e-154	531
ASV_bf565f10_rel1.6	REF_dorenboschiistrain_MH862222.1	99.656	291	96	9.95e-154	531
ASV_bf565f10_rel1.6	REF_phacaeculture_MH868978.1	98.344	302	100	9.95e-154	531
ASV_cee4bd47_rel0.6	REF_tinkyukukuisolate_PZ779985.1	99.669	302	100	2.12e-160	553
ASV_cee4bd47_rel0.6	REF_maydisstrain_PZ745917.1	99.338	302	100	9.88e-159	547
ASV_cee4bd47_rel0.6	REF_maydisstrain_PZ745918.1	99.338	302	100	9.88e-159	547
ASV_cee4bd47_rel0.6	REF_maydisstrain_PZ745919.1	99.338	302	100	9.88e-159	547
ASV_cee4bd47_rel0.6	REF_maydisstrain_PZ745920.1	99.338	302	100	9.88e-159	547
ASV_cee4bd47_rel0.6	REF_brennandiaeisolate_PZ779685.1	99.338	302	100	9.88e-159	547
ASV_cee4bd47_rel0.6	REF_brennandiaeisolate_PZ779687.1	99.338	302	100	9.88e-159	547
ASV_cee4bd47_rel0.6	REF_brennandiaeisolate_PZ779686.1	99.338	302	100	9.88e-159	547
ASV_cee4bd47_rel0.6	REF_brennandiaeisolate_PZ779689.1	99.338	302	100	9.88e-159	547
ASV_cee4bd47_rel0.6	REF_coffeaearabicaestrain_MH863293.1	99.338	302	100	9.88e-159	547
ASV_cee4bd47_rel0.6	REF_sp.strain_PZ745922.1	99.010	303	100	4.59e-157	542
ASV_cee4bd47_rel0.6	REF_nigrumisolate_PZ779821.1	99.007	302	100	4.59e-157	542
ASV_cee4bd47_rel0.6	REF_microchlamydosporastrain_MH862504.1	99.007	302	100	4.59e-157	542
ASV_cee4bd47_rel0.6	REF_heteroderaestrain_MH862666.1	99.007	302	100	4.59e-157	542
ASV_cee4bd47_rel0.6	REF_pedeiaestrain_MH863383.1	99.007	302	100	4.59e-157	542
ASV_cee4bd47_rel0.6	REF_phacaeculture_MH868978.1	99.007	302	100	4.59e-157	542
ASV_cee4bd47_rel0.6	REF_longicollastrain_MH863382.1	98.680	303	100	2.14e-155	536
ASV_cee4bd47_rel0.6	REF_proteaestrain_MH862956.1	99.655	290	96	9.95e-154	531
ASV_cee4bd47_rel0.6	REF_exiguaisolate_PZ779834.1	98.662	299	99	3.58e-153	529
ASV_cee4bd47_rel0.6	REF_crystalliniformisstrain_MH861912.1	98.026	304	100	1.29e-152	527
ASV_e0bfdf36_rel0.5	REF_longicollastrain_MH863382.1	99.340	303	100	2.76e-159	549
ASV_e0bfdf36_rel0.5	REF_maydisstrain_PZ745917.1	99.340	303	100	9.91e-159	547
ASV_e0bfdf36_rel0.5	REF_maydisstrain_PZ745918.1	99.340	303	100	9.91e-159	547
ASV_e0bfdf36_rel0.5	REF_maydisstrain_PZ745919.1	99.340	303	100	9.91e-159	547
ASV_e0bfdf36_rel0.5	REF_maydisstrain_PZ745920.1	99.340	303	100	9.91e-159	547
ASV_e0bfdf36_rel0.5	REF_brennandiaeisolate_PZ779685.1	99.340	303	100	9.91e-159	547
ASV_e0bfdf36_rel0.5	REF_brennandiaeisolate_PZ779687.1	99.340	303	100	9.91e-159	547
ASV_e0bfdf36_rel0.5	REF_brennandiaeisolate_PZ779686.1	99.340	303	100	9.91e-159	547
ASV_e0bfdf36_rel0.5	REF_brennandiaeisolate_PZ779689.1	99.340	303	100	9.91e-159	547
ASV_e0bfdf36_rel0.5	REF_coffeaearabicaestrain_MH863293.1	99.340	303	100	9.91e-159	547
ASV_e0bfdf36_rel0.5	REF_tinkyukukuisolate_PZ779985.1	99.010	303	100	4.61e-157	542
ASV_e0bfdf36_rel0.5	REF_microchlamydosporastrain_MH862504.1	99.010	303	100	4.61e-157	542
ASV_e0bfdf36_rel0.5	REF_heteroderaestrain_MH862666.1	99.010	303	100	4.61e-157	542
ASV_e0bfdf36_rel0.5	REF_pedeiaestrain_MH863383.1	99.010	303	100	4.61e-157	542
ASV_e0bfdf36_rel0.5	REF_sp.strain_PZ745922.1	98.355	304	100	2.77e-154	532
ASV_e0bfdf36_rel0.5	REF_crystalliniformisstrain_MH861912.1	98.355	304	100	2.77e-154	532
ASV_e0bfdf36_rel0.5	REF_nigrumisolate_PZ779821.1	98.350	303	100	9.98e-154	531
ASV_e0bfdf36_rel0.5	REF_phacaeculture_MH868978.1	98.350	303	100	9.98e-154	531
ASV_e0bfdf36_rel0.5	REF_oculihominisstrain_MH862381.1	98.026	304	100	1.29e-152	527
ASV_e0bfdf36_rel0.5	REF_lupinistrain_MH862737.1	98.026	304	100	1.29e-152	527
ASV_fe25c615_rel0.7	REF_tinkyukukuisolate_PZ779985.1	99.340	303	100	9.91e-159	547
ASV_fe25c615_rel0.7	REF_brennandiaeisolate_PZ779685.1	99.010	303	100	4.61e-157	542
ASV_fe25c615_rel0.7	REF_brennandiaeisolate_PZ779687.1	99.010	303	100	4.61e-157	542
ASV_fe25c615_rel0.7	REF_brennandiaeisolate_PZ779686.1	99.010	303	100	4.61e-157	542
ASV_fe25c615_rel0.7	REF_brennandiaeisolate_PZ779689.1	99.010	303	100	4.61e-157	542
ASV_fe25c615_rel0.7	REF_sp.strain_PZ745922.1	98.680	303	100	5.96e-156	538
ASV_fe25c615_rel0.7	REF_nigrumisolate_PZ779821.1	98.680	303	100	2.15e-155	536
ASV_fe25c615_rel0.7	REF_heteroderaestrain_MH862666.1	98.680	303	100	2.15e-155	536
ASV_fe25c615_rel0.7	REF_phacaeculture_MH868978.1	98.680	303	100	2.15e-155	536
ASV_fe25c615_rel0.7	REF_maydisstrain_PZ745917.1	98.350	303	100	9.98e-154	531
ASV_fe25c615_rel0.7	REF_maydisstrain_PZ745918.1	98.350	303	100	9.98e-154	531
ASV_fe25c615_rel0.7	REF_maydisstrain_PZ745919.1	98.350	303	100	9.98e-154	531
ASV_fe25c615_rel0.7	REF_maydisstrain_PZ745920.1	98.350	303	100	9.98e-154	531
ASV_fe25c615_rel0.7	REF_coffeaearabicaestrain_MH863293.1	98.350	303	100	9.98e-154	531
ASV_fe25c615_rel0.7	REF_microchlamydosporastrain_MH862504.1	98.020	303	100	4.64e-152	525
ASV_fe25c615_rel0.7	REF_proteaestrain_MH862956.1	99.313	291	96	4.64e-152	525
ASV_fe25c615_rel0.7	REF_pedeiaestrain_MH863383.1	98.020	303	100	4.64e-152	525
ASV_fe25c615_rel0.7	REF_exiguaisolate_PZ779834.1	98.333	300	99	1.67e-151	523
ASV_fe25c615_rel0.7	REF_longicollastrain_MH863382.1	97.697	304	100	6.01e-151	521
ASV_fe25c615_rel0.7	REF_bulgaricastrain_MH861745.1	97.690	303	100	2.16e-150	520
