ASV_3a5c2083_rel23.7	REF_populiisolate_PX205938.1	98.071	311	100	7.10e-156	538
ASV_3a5c2083_rel23.7	REF_populiisolate_PQ817086.1	98.071	311	100	7.10e-156	538
ASV_3a5c2083_rel23.7	REF_sp.strain_PZ165507.1	97.749	311	100	9.18e-155	534
ASV_3a5c2083_rel23.7	REF_populiisolate_PX205939.1	98.046	307	99	1.19e-153	531
ASV_3a5c2083_rel23.7	REF_populiisolate_PX205940.1	98.046	307	99	1.19e-153	531
ASV_3a5c2083_rel23.7	REF_puccinioidesstrain_MH857753.1	96.795	312	100	3.33e-149	516
ASV_3a5c2083_rel23.7	REF_puccinioidesstrain_MH857754.1	96.795	312	100	3.33e-149	516
ASV_3a5c2083_rel23.7	REF_insculptavoucher_OR767891.1	96.795	312	100	3.33e-149	516
ASV_3a5c2083_rel23.7	REF_insculptaisolate_PQ298290.1	96.795	312	100	3.33e-149	516
ASV_3a5c2083_rel23.7	REF_sp.isolate_PZ444464.1	96.166	313	100	2.00e-146	507
ASV_3a5c2083_rel23.7	REF_hippophaesstrain_MH857750.1	96.166	313	100	7.20e-146	505
ASV_3a5c2083_rel23.7	REF_sambucistrain_MH857756.1	96.154	312	100	7.20e-146	505
ASV_3a5c2083_rel23.7	REF_muelleristrain_MH857751.1	95.833	312	100	3.35e-144	499
ASV_3a5c2083_rel23.7	REF_muelleristrain_MH857752.1	95.833	312	100	3.35e-144	499
ASV_3a5c2083_rel23.7	REF_sp.in_PP513140.1	94.534	311	100	4.36e-138	479
ASV_3a5c2083_rel23.7	REF_sp.strain_PX421854.1	97.834	277	89	5.64e-137	475
ASV_3a5c2083_rel23.7	REF_minteristrain_ON784027.1	94.212	311	100	2.03e-136	473
ASV_3a5c2083_rel23.7	REF_minteristrain_ON784028.1	94.212	311	100	2.03e-136	473
ASV_3a5c2083_rel23.7	REF_minteristrain_ON784029.1	94.212	311	100	2.03e-136	473
ASV_3a5c2083_rel23.7	REF_minteristrain_ON784030.1	94.212	311	100	2.03e-136	473
ASV_abea193f_rel6.4	REF_sp.strain_PZ165507.1	98.392	311	100	4.24e-158	545
ASV_abea193f_rel6.4	REF_populiisolate_PX205938.1	98.387	310	100	1.53e-157	544
ASV_abea193f_rel6.4	REF_populiisolate_PQ817086.1	98.387	310	100	1.53e-157	544
ASV_abea193f_rel6.4	REF_populiisolate_PX205939.1	98.366	306	99	2.55e-155	536
ASV_abea193f_rel6.4	REF_populiisolate_PX205940.1	98.366	306	99	2.55e-155	536
ASV_abea193f_rel6.4	REF_puccinioidesstrain_MH857753.1	97.115	312	100	7.15e-151	521
ASV_abea193f_rel6.4	REF_puccinioidesstrain_MH857754.1	97.115	312	100	7.15e-151	521
ASV_abea193f_rel6.4	REF_insculptavoucher_OR767891.1	97.115	312	100	7.15e-151	521
ASV_abea193f_rel6.4	REF_insculptaisolate_PQ298290.1	97.115	312	100	7.15e-151	521
ASV_abea193f_rel6.4	REF_sp.isolate_PZ444464.1	96.795	312	100	9.25e-150	518
ASV_abea193f_rel6.4	REF_hippophaesstrain_MH857750.1	96.474	312	100	1.55e-147	510
ASV_abea193f_rel6.4	REF_sambucistrain_MH857756.1	96.474	312	100	1.55e-147	510
ASV_abea193f_rel6.4	REF_muelleristrain_MH857751.1	96.154	312	100	7.20e-146	505
ASV_abea193f_rel6.4	REF_muelleristrain_MH857752.1	96.154	312	100	7.20e-146	505
ASV_abea193f_rel6.4	REF_sp.in_PP513140.1	94.855	311	100	9.38e-140	484
ASV_abea193f_rel6.4	REF_sp.strain_PX421854.1	98.188	276	89	1.21e-138	481
ASV_abea193f_rel6.4	REF_minteristrain_ON784027.1	94.534	311	100	4.36e-138	479
ASV_abea193f_rel6.4	REF_minteristrain_ON784028.1	94.534	311	100	4.36e-138	479
ASV_abea193f_rel6.4	REF_minteristrain_ON784029.1	94.534	311	100	4.36e-138	479
ASV_abea193f_rel6.4	REF_minteristrain_ON784030.1	94.534	311	100	4.36e-138	479
