ASV_6edfc1f5_rel31.4	REF_sp.isolate_PZ780163.1	82.201	309	100	3.40e-69	250
ASV_6edfc1f5_rel31.4	REF_sp.isolate_PZ780164.1	82.201	309	100	3.40e-69	250
ASV_6edfc1f5_rel31.4	REF_sp.isolate_PZ780165.1	82.201	309	100	3.40e-69	250
ASV_6edfc1f5_rel31.4	REF_sp.isolate_PZ780178.1	82.201	309	100	3.40e-69	250
ASV_6edfc1f5_rel31.4	REF_sp.isolate_PZ780179.1	82.201	309	100	3.40e-69	250
ASV_6edfc1f5_rel31.4	REF_sp.isolate_PZ780180.1	82.201	309	100	3.40e-69	250
ASV_6edfc1f5_rel31.4	REF_sp.isolate_PZ779836.1	93.571	140	47	2.69e-55	204
ASV_6edfc1f5_rel31.4	REF_sp.isolate_PZ779837.1	93.571	140	47	2.69e-55	204
ASV_6edfc1f5_rel31.4	REF_sp.isolate_PZ779838.1	93.571	140	47	2.69e-55	204
ASV_6edfc1f5_rel31.4	REF_sp.isolate_PZ779839.1	93.571	140	47	2.69e-55	204
ASV_6edfc1f5_rel31.4	REF_sp.isolate_PZ779840.1	93.571	140	47	2.69e-55	204
ASV_6edfc1f5_rel31.4	REF_sp.isolate_PZ779841.1	93.571	140	47	2.69e-55	204
ASV_6edfc1f5_rel31.4	REF_sp.isolate_PZ779842.1	93.571	140	47	2.69e-55	204
ASV_6edfc1f5_rel31.4	REF_sp.isolate_PZ779843.1	93.571	140	47	2.69e-55	204
ASV_6edfc1f5_rel31.4	REF_sp.isolate_PZ779844.1	93.571	140	47	2.69e-55	204
ASV_6edfc1f5_rel31.4	REF_lincangensisHKAS_NR_172455.1	93.525	139	47	2.69e-55	204
ASV_6edfc1f5_rel31.4	REF_guizhouensisMFLU_NR_191277.1	93.525	139	47	2.69e-55	204
ASV_6edfc1f5_rel31.4	REF_arctostaphyliITS_NR_155391.1	92.908	141	47	3.47e-54	200
ASV_6edfc1f5_rel31.4	REF_arctostaphyliITS_NR_155391.1	100.000	41	14	6.11e-17	76.8
ASV_6edfc1f5_rel31.4	REF_fueloephazaevoucher_PZ744920.1	90.728	151	50	1.25e-53	198
ASV_6edfc1f5_rel31.4	REF_fueloephazaevoucher_PZ744921.1	90.728	151	50	1.25e-53	198
ASV_9af7b54c_rel2.4	REF_sp.isolate_PZ780163.1	82.748	313	100	7.31e-71	255
ASV_9af7b54c_rel2.4	REF_sp.isolate_PZ780164.1	82.748	313	100	7.31e-71	255
ASV_9af7b54c_rel2.4	REF_sp.isolate_PZ780165.1	82.748	313	100	7.31e-71	255
ASV_9af7b54c_rel2.4	REF_sp.isolate_PZ780178.1	82.748	313	100	7.31e-71	255
ASV_9af7b54c_rel2.4	REF_sp.isolate_PZ780179.1	82.748	313	100	7.31e-71	255
ASV_9af7b54c_rel2.4	REF_sp.isolate_PZ780180.1	82.748	313	100	7.31e-71	255
ASV_9af7b54c_rel2.4	REF_sp.isolate_PZ779836.1	93.571	140	47	2.69e-55	204
ASV_9af7b54c_rel2.4	REF_sp.isolate_PZ779837.1	93.571	140	47	2.69e-55	204
ASV_9af7b54c_rel2.4	REF_sp.isolate_PZ779838.1	93.571	140	47	2.69e-55	204
ASV_9af7b54c_rel2.4	REF_sp.isolate_PZ779839.1	93.571	140	47	2.69e-55	204
ASV_9af7b54c_rel2.4	REF_sp.isolate_PZ779840.1	93.571	140	47	2.69e-55	204
ASV_9af7b54c_rel2.4	REF_sp.isolate_PZ779841.1	93.571	140	47	2.69e-55	204
ASV_9af7b54c_rel2.4	REF_sp.isolate_PZ779842.1	93.571	140	47	2.69e-55	204
ASV_9af7b54c_rel2.4	REF_sp.isolate_PZ779843.1	93.571	140	47	2.69e-55	204
ASV_9af7b54c_rel2.4	REF_sp.isolate_PZ779844.1	93.571	140	47	2.69e-55	204
ASV_9af7b54c_rel2.4	REF_lincangensisHKAS_NR_172455.1	93.525	139	47	2.69e-55	204
ASV_9af7b54c_rel2.4	REF_guizhouensisMFLU_NR_191277.1	93.525	139	47	2.69e-55	204
ASV_9af7b54c_rel2.4	REF_arctostaphyliITS_NR_155391.1	92.908	141	47	3.47e-54	200
ASV_9af7b54c_rel2.4	REF_arctostaphyliITS_NR_155391.1	100.000	41	14	6.11e-17	76.8
ASV_9af7b54c_rel2.4	REF_fueloephazaevoucher_PZ744920.1	90.728	151	50	1.25e-53	198
ASV_9af7b54c_rel2.4	REF_fueloephazaevoucher_PZ744921.1	90.728	151	50	1.25e-53	198
ASV_dde6e8a1_rel0.8	REF_sp.isolate_PZ780163.1	82.201	309	100	3.40e-69	250
ASV_dde6e8a1_rel0.8	REF_sp.isolate_PZ780164.1	82.201	309	100	3.40e-69	250
ASV_dde6e8a1_rel0.8	REF_sp.isolate_PZ780165.1	82.201	309	100	3.40e-69	250
ASV_dde6e8a1_rel0.8	REF_sp.isolate_PZ780178.1	82.201	309	100	3.40e-69	250
ASV_dde6e8a1_rel0.8	REF_sp.isolate_PZ780179.1	82.201	309	100	3.40e-69	250
ASV_dde6e8a1_rel0.8	REF_sp.isolate_PZ780180.1	82.201	309	100	3.40e-69	250
ASV_dde6e8a1_rel0.8	REF_sp.isolate_PZ779836.1	93.571	140	47	2.69e-55	204
ASV_dde6e8a1_rel0.8	REF_sp.isolate_PZ779837.1	93.571	140	47	2.69e-55	204
ASV_dde6e8a1_rel0.8	REF_sp.isolate_PZ779838.1	93.571	140	47	2.69e-55	204
ASV_dde6e8a1_rel0.8	REF_sp.isolate_PZ779839.1	93.571	140	47	2.69e-55	204
ASV_dde6e8a1_rel0.8	REF_sp.isolate_PZ779840.1	93.571	140	47	2.69e-55	204
ASV_dde6e8a1_rel0.8	REF_sp.isolate_PZ779841.1	93.571	140	47	2.69e-55	204
ASV_dde6e8a1_rel0.8	REF_sp.isolate_PZ779842.1	93.571	140	47	2.69e-55	204
ASV_dde6e8a1_rel0.8	REF_sp.isolate_PZ779843.1	93.571	140	47	2.69e-55	204
ASV_dde6e8a1_rel0.8	REF_sp.isolate_PZ779844.1	93.571	140	47	2.69e-55	204
ASV_dde6e8a1_rel0.8	REF_lincangensisHKAS_NR_172455.1	93.525	139	47	2.69e-55	204
ASV_dde6e8a1_rel0.8	REF_guizhouensisMFLU_NR_191277.1	93.525	139	47	2.69e-55	204
ASV_dde6e8a1_rel0.8	REF_arctostaphyliITS_NR_155391.1	92.908	141	47	3.47e-54	200
ASV_dde6e8a1_rel0.8	REF_arctostaphyliITS_NR_155391.1	100.000	41	14	6.11e-17	76.8
ASV_dde6e8a1_rel0.8	REF_fueloephazaevoucher_PZ744920.1	91.156	147	49	1.25e-53	198
ASV_dde6e8a1_rel0.8	REF_fueloephazaevoucher_PZ744921.1	91.156	147	49	1.25e-53	198
