ASV_1686839a_rel3.0	REF_sp.isolate_PZ444431.1	98.619	362	100	0.0	641
ASV_1686839a_rel3.0	REF_sp.isolate_PZ444438.1	98.619	362	100	0.0	641
ASV_1686839a_rel3.0	REF_sp.isolate_PZ444475.1	86.921	367	100	5.08e-114	399
ASV_1686839a_rel3.0	REF_golubeviiisolate_PZ444484.1	85.908	369	100	1.84e-108	381
ASV_1686839a_rel3.0	REF_sp.strain_PZ736900.1	85.205	365	100	6.66e-103	363
ASV_1686839a_rel3.0	REF_paludigenastrain_PX457238.1	82.973	370	100	5.26e-89	316
ASV_1686839a_rel3.0	REF_paludigenastrain_PX574308.1	82.973	370	100	5.26e-89	316
ASV_1686839a_rel3.0	REF_sp.isolate_PZ690905.1	82.667	375	100	1.89e-88	315
ASV_1686839a_rel3.0	REF_sp.isolate_PZ444399.1	82.514	366	100	3.16e-86	307
ASV_1686839a_rel3.0	REF_lactucaeisolate_PZ444487.1	82.466	365	100	3.16e-86	307
ASV_1686839a_rel3.0	REF_lactucaeisolate_PZ444499.1	82.466	365	100	3.16e-86	307
ASV_1686839a_rel3.0	REF_roseusisolate_PZ716324.1	82.418	364	100	1.14e-85	305
ASV_1686839a_rel3.0	REF_roseusisolate_PZ444406.1	82.418	364	100	1.14e-85	305
ASV_1686839a_rel3.0	REF_roseusisolate_PZ444497.1	82.418	364	100	1.14e-85	305
ASV_1686839a_rel3.0	REF_mucilaginosastrain_PZ715736.1	81.551	374	100	1.15e-80	289
ASV_1686839a_rel3.0	REF_mucilaginosaisolate_PV998793.1	81.551	374	100	1.15e-80	289
ASV_1686839a_rel3.0	REF_sp.isolate_PZ444426.1	81.694	366	100	1.15e-80	289
ASV_1686839a_rel3.0	REF_sp.isolate_PZ444428.1	81.694	366	100	1.15e-80	289
ASV_1686839a_rel3.0	REF_mucilaginosastrain_PZ715735.1	81.551	374	100	4.12e-80	287
ASV_1686839a_rel3.0	REF_ruberrimusisolate_PZ444412.1	81.421	366	100	5.33e-79	283
ASV_183e70fc_rel9.5	REF_sp.isolate_PZ444431.1	99.448	362	100	0.0	658
ASV_183e70fc_rel9.5	REF_sp.isolate_PZ444438.1	99.448	362	100	0.0	658
ASV_183e70fc_rel9.5	REF_sp.isolate_PZ444475.1	87.228	368	100	1.09e-115	405
ASV_183e70fc_rel9.5	REF_golubeviiisolate_PZ444484.1	86.721	369	100	1.83e-113	398
ASV_183e70fc_rel9.5	REF_sp.strain_PZ736900.1	85.479	365	100	1.43e-104	368
ASV_183e70fc_rel9.5	REF_sp.isolate_PZ690905.1	83.467	375	100	1.88e-93	331
ASV_183e70fc_rel9.5	REF_paludigenastrain_PX457238.1	82.973	370	100	5.26e-89	316
ASV_183e70fc_rel9.5	REF_paludigenastrain_PX574308.1	82.973	370	100	5.26e-89	316
ASV_183e70fc_rel9.5	REF_sp.isolate_PZ444399.1	82.787	366	100	6.80e-88	313
ASV_183e70fc_rel9.5	REF_lactucaeisolate_PZ444487.1	82.740	365	100	6.80e-88	313
ASV_183e70fc_rel9.5	REF_lactucaeisolate_PZ444499.1	82.740	365	100	6.80e-88	313
ASV_183e70fc_rel9.5	REF_roseusisolate_PZ716324.1	82.466	365	100	1.14e-85	305
ASV_183e70fc_rel9.5	REF_roseusisolate_PZ444406.1	82.466	365	100	1.14e-85	305
ASV_183e70fc_rel9.5	REF_roseusisolate_PZ444497.1	82.466	365	100	1.14e-85	305
ASV_183e70fc_rel9.5	REF_sp.isolate_PZ444426.1	81.967	366	100	2.46e-82	294
ASV_183e70fc_rel9.5	REF_sp.isolate_PZ444428.1	81.967	366	100	2.46e-82	294
ASV_183e70fc_rel9.5	REF_mucilaginosastrain_PZ715736.1	81.551	374	100	1.15e-80	289
ASV_183e70fc_rel9.5	REF_mucilaginosaisolate_PV998793.1	81.551	374	100	1.15e-80	289
ASV_183e70fc_rel9.5	REF_ruberrimusisolate_PZ444412.1	81.694	366	100	1.15e-80	289
ASV_183e70fc_rel9.5	REF_ruberrimusisolate_PZ444472.1	81.694	366	100	1.15e-80	289
ASV_92c16f1b_rel0.9	REF_sp.isolate_PZ444431.1	98.343	362	100	0.0	636
ASV_92c16f1b_rel0.9	REF_sp.isolate_PZ444438.1	98.343	362	100	0.0	636
ASV_92c16f1b_rel0.9	REF_sp.isolate_PZ444475.1	86.921	367	100	5.08e-114	399
ASV_92c16f1b_rel0.9	REF_golubeviiisolate_PZ444484.1	85.908	369	100	1.84e-108	381
ASV_92c16f1b_rel0.9	REF_sp.strain_PZ736900.1	84.932	365	100	3.10e-101	357
ASV_92c16f1b_rel0.9	REF_paludigenastrain_PX457238.1	82.656	369	100	2.45e-87	311
ASV_92c16f1b_rel0.9	REF_paludigenastrain_PX574308.1	82.656	369	100	2.45e-87	311
ASV_92c16f1b_rel0.9	REF_sp.isolate_PZ690905.1	82.400	375	100	8.80e-87	309
ASV_92c16f1b_rel0.9	REF_sp.isolate_PZ444399.1	82.514	366	100	3.16e-86	307
ASV_92c16f1b_rel0.9	REF_lactucaeisolate_PZ444487.1	82.466	365	100	3.16e-86	307
ASV_92c16f1b_rel0.9	REF_lactucaeisolate_PZ444499.1	82.466	365	100	3.16e-86	307
ASV_92c16f1b_rel0.9	REF_roseusisolate_PZ716324.1	82.418	364	100	1.14e-85	305
ASV_92c16f1b_rel0.9	REF_roseusisolate_PZ444406.1	82.418	364	100	1.14e-85	305
ASV_92c16f1b_rel0.9	REF_roseusisolate_PZ444497.1	82.418	364	100	1.14e-85	305
ASV_92c16f1b_rel0.9	REF_sp.isolate_PZ444426.1	81.694	366	100	1.15e-80	289
ASV_92c16f1b_rel0.9	REF_sp.isolate_PZ444428.1	81.694	366	100	1.15e-80	289
ASV_92c16f1b_rel0.9	REF_mucilaginosastrain_PZ715736.1	81.233	373	100	5.33e-79	283
ASV_92c16f1b_rel0.9	REF_mucilaginosaisolate_PV998793.1	81.233	373	100	5.33e-79	283
ASV_92c16f1b_rel0.9	REF_ruberrimusisolate_PZ444412.1	81.421	366	100	5.33e-79	283
ASV_92c16f1b_rel0.9	REF_ruberrimusisolate_PZ444472.1	81.421	366	100	5.33e-79	283
