ASV_5f1ce530_rel1.0	REF_stylosporaculture_MH866744.1	99.494	395	100	0.0	719
ASV_5f1ce530_rel1.0	REF_ornatastrain_MH861073.1	86.650	412	100	3.09e-125	436
ASV_5f1ce530_rel1.0	REF_multidivaricatastrain_MH861129.1	89.790	333	83	1.12e-119	418
ASV_5f1ce530_rel1.0	REF_ornatastrain_MH861074.1	86.181	398	96	1.87e-117	411
ASV_5f1ce530_rel1.0	REF_epicladiastrain_MH860987.1	85.536	401	100	4.06e-114	399
ASV_5f1ce530_rel1.0	REF_tsukubaensisisolate_PZ690756.1	83.902	410	100	2.46e-106	374
ASV_5f1ce530_rel1.0	REF_gamsiiculture_MH867300.1	83.871	403	100	2.46e-106	374
ASV_5f1ce530_rel1.0	REF_gamsiiculture_MH868591.1	83.920	398	100	2.46e-106	374
ASV_5f1ce530_rel1.0	REF_antarcticaculture_MH871660.1	83.750	400	100	1.48e-103	364
ASV_5f1ce530_rel1.0	REF_sp.strain_PZ738711.1	83.085	402	100	1.15e-99	351
ASV_5f1ce530_rel1.0	REF_fatshederaestrain_MH860177.1	83.251	406	100	1.15e-99	351
ASV_5f1ce530_rel1.0	REF_biramosastrain_MH862531.1	83.168	404	100	4.14e-99	350
ASV_5f1ce530_rel1.0	REF_acrotonastrain_MH860176.1	82.921	404	100	1.49e-98	348
ASV_5f1ce530_rel1.0	REF_microzygosporastrain_MH862681.1	83.905	379	95	1.49e-98	348
ASV_5f1ce530_rel1.0	REF_acrotonaculture_MH871944.1	82.921	404	100	1.49e-98	348
ASV_5f1ce530_rel1.0	REF_verticillatastrain_MH862533.1	83.862	378	94	6.93e-97	342
ASV_5f1ce530_rel1.0	REF_sp.DV2018a_MH862832.1	83.246	382	95	6.93e-97	342
ASV_5f1ce530_rel1.0	REF_histoplasmatoidesstrain_MH861142.1	85.163	337	84	3.22e-95	337
ASV_5f1ce530_rel1.0	REF_armillariicolastrain_MH860821.1	83.467	375	92	1.16e-94	335
ASV_5f1ce530_rel1.0	REF_alpinaisolate_PZ770547.1	82.134	403	100	1.50e-93	331
ASV_b4a48131_rel1.8	REF_stylosporaculture_MH866744.1	99.747	395	100	0.0	725
ASV_b4a48131_rel1.8	REF_ornatastrain_MH861073.1	86.893	412	100	6.64e-127	442
ASV_b4a48131_rel1.8	REF_multidivaricatastrain_MH861129.1	90.090	333	83	2.41e-121	424
ASV_b4a48131_rel1.8	REF_ornatastrain_MH861074.1	86.432	398	96	4.03e-119	416
ASV_b4a48131_rel1.8	REF_epicladiastrain_MH860987.1	85.786	401	100	8.72e-116	405
ASV_b4a48131_rel1.8	REF_tsukubaensisisolate_PZ690756.1	84.146	410	100	5.28e-108	379
ASV_b4a48131_rel1.8	REF_gamsiiculture_MH867300.1	84.119	403	100	5.28e-108	379
ASV_b4a48131_rel1.8	REF_gamsiiculture_MH868591.1	84.171	398	100	5.28e-108	379
ASV_b4a48131_rel1.8	REF_antarcticaculture_MH871660.1	84.000	400	100	3.18e-105	370
ASV_b4a48131_rel1.8	REF_sp.strain_PZ738711.1	83.333	402	100	2.48e-101	357
ASV_b4a48131_rel1.8	REF_fatshederaestrain_MH860177.1	83.498	406	100	2.48e-101	357
ASV_b4a48131_rel1.8	REF_biramosastrain_MH862531.1	83.416	404	100	8.90e-101	355
ASV_b4a48131_rel1.8	REF_acrotonastrain_MH860176.1	83.168	404	100	3.20e-100	353
ASV_b4a48131_rel1.8	REF_microzygosporastrain_MH862681.1	84.169	379	95	3.20e-100	353
ASV_b4a48131_rel1.8	REF_acrotonaculture_MH871944.1	83.168	404	100	3.20e-100	353
ASV_b4a48131_rel1.8	REF_verticillatastrain_MH862533.1	84.127	378	94	1.49e-98	348
ASV_b4a48131_rel1.8	REF_sp.DV2018a_MH862832.1	83.508	382	95	1.49e-98	348
ASV_b4a48131_rel1.8	REF_histoplasmatoidesstrain_MH861142.1	85.460	337	84	6.93e-97	342
ASV_b4a48131_rel1.8	REF_armillariicolastrain_MH860821.1	83.733	375	92	2.49e-96	340
ASV_b4a48131_rel1.8	REF_alpinaisolate_PZ770547.1	82.382	403	100	3.22e-95	337
ASV_f19ce87c_rel0.8	REF_stylosporaculture_MH866744.1	100.000	395	100	0.0	730
ASV_f19ce87c_rel0.8	REF_ornatastrain_MH861073.1	86.893	412	100	6.64e-127	442
ASV_f19ce87c_rel0.8	REF_multidivaricatastrain_MH861129.1	90.090	333	83	2.41e-121	424
ASV_f19ce87c_rel0.8	REF_ornatastrain_MH861074.1	86.432	398	96	4.03e-119	416
ASV_f19ce87c_rel0.8	REF_epicladiastrain_MH860987.1	85.821	402	100	8.72e-116	405
ASV_f19ce87c_rel0.8	REF_tsukubaensisisolate_PZ690756.1	84.352	409	100	1.14e-109	385
ASV_f19ce87c_rel0.8	REF_gamsiiculture_MH867300.1	84.367	403	100	1.14e-109	385
ASV_f19ce87c_rel0.8	REF_gamsiiculture_MH868591.1	84.422	398	100	1.14e-109	385
ASV_f19ce87c_rel0.8	REF_antarcticaculture_MH871660.1	84.000	400	100	3.18e-105	370
ASV_f19ce87c_rel0.8	REF_fatshederaestrain_MH860177.1	83.541	401	100	5.32e-103	363
ASV_f19ce87c_rel0.8	REF_microzygosporastrain_MH862681.1	84.433	379	95	6.88e-102	359
ASV_f19ce87c_rel0.8	REF_acrotonastrain_MH860176.1	83.168	404	100	3.20e-100	353
ASV_f19ce87c_rel0.8	REF_acrotonaculture_MH871944.1	83.168	404	100	3.20e-100	353
ASV_f19ce87c_rel0.8	REF_sp.strain_PZ738711.1	83.168	404	100	1.15e-99	351
ASV_f19ce87c_rel0.8	REF_biramosastrain_MH862531.1	83.168	404	100	4.14e-99	350
ASV_f19ce87c_rel0.8	REF_verticillatastrain_MH862533.1	84.169	379	94	1.49e-98	348
ASV_f19ce87c_rel0.8	REF_sp.DV2018a_MH862832.1	83.508	382	95	1.49e-98	348
ASV_f19ce87c_rel0.8	REF_histoplasmatoidesstrain_MH861142.1	85.460	337	84	6.93e-97	342
ASV_f19ce87c_rel0.8	REF_armillariicolastrain_MH860821.1	83.777	376	92	2.49e-96	340
ASV_f19ce87c_rel0.8	REF_alpinaisolate_PZ770547.1	82.382	403	100	3.22e-95	337
