neighbourhood	accession	name	type_status	length_bp
Didymellaceae	MH868978.1	Ascochyta phacae MH868978.1	voucher/strain	1050
Didymellaceae	MH864611.1	Phoma herbarum MH864611.1	voucher/strain	506
Didymellaceae	MH863383.1	Didymella pedeiae MH863383.1	voucher/strain	537
Didymellaceae	MH863382.1	Didymella longicolla MH863382.1	voucher/strain	542
Didymellaceae	MH863321.1	Longididymella vitalbae MH863321.1	voucher/strain	488
Didymellaceae	MH863295.1	Nothophoma infossa MH863295.1	voucher/strain	466
Didymellaceae	MH863293.1	Didymella coffeae-arabicae MH863293.1	voucher/strain	539
Didymellaceae	MH862956.1	Epicoccum proteae MH862956.1	voucher/strain	486
Didymellaceae	MH862845.1	Didymella boeremae MH862845.1	voucher/strain	485
Didymellaceae	MH862737.1	Stagonosporopsis lupini MH862737.1	voucher/strain	542
Didymellaceae	MH862666.1	Didymella heteroderae MH862666.1	voucher/strain	541
Didymellaceae	MH862568.1	Ascochyta nigripycnidia MH862568.1	voucher/strain	448
Didymellaceae	MH862504.1	Didymella microchlamydospora MH862504.1	voucher/strain	547
Didymellaceae	MH862388.1	Nothophoma arachidis-hypogaeae MH862388.1	voucher/strain	486
Didymellaceae	MH862381.1	Stagonosporopsis oculi-hominis MH862381.1	voucher/strain	543
Didymellaceae	MH862364.1	Dimorphoma saxea MH862364.1	voucher/strain	483
Didymellaceae	MH862362.1	Phoma cruris-hominis MH862362.1	voucher/strain	485
Didymellaceae	MH862231.1	Didymella microchlamydospora MH862231.1	voucher/strain	485
Didymellaceae	MH862222.1	Stagonosporopsis dorenboschii MH862222.1	voucher/strain	488
Didymellaceae	MH862221.1	Stagonosporopsis inoxydabilis MH862221.1	voucher/strain	489
Didymellaceae	MH862064.1	Stagonosporopsis helianthi MH862064.1	voucher/strain	546
Didymellaceae	MH861971.1	Neoascochyta exitialis MH861971.1	voucher/strain	541
Didymellaceae	MH861962.1	Cumuliphoma omnivirens MH861962.1	voucher/strain	555
Didymellaceae	MH861912.1	Stagonosporopsis crystalliniformis MH861912.1	voucher/strain	538
Didymellaceae	MH861770.1	Phoma schachtii MH861770.1	voucher/strain	590
Didymellaceae	MH861767.1	Leptosphaerulina albulae MH861767.1	voucher/strain	548
Didymellaceae	MH861756.1	Leptosphaerulina rupestris MH861756.1	voucher/strain	486
Didymellaceae	MH861755.1	Leptosphaerulina nitida MH861755.1	voucher/strain	535
Didymellaceae	MH861745.1	Vacuiphoma bulgarica MH861745.1	voucher/strain	551
Didymellaceae	PZ780856.1	Epicoccum sorghinum PZ780856.1	voucher/strain	550
Didymellaceae	PZ779985.1	Neodidymelliopsis sp. PZ779985.1	voucher/strain	523
Didymellaceae	PZ779849.1	Didymella exigua PZ779849.1	voucher/strain	470
Didymellaceae	PZ779848.1	Didymella exigua PZ779848.1	voucher/strain	479
Didymellaceae	PZ779847.1	Didymella exigua PZ779847.1	voucher/strain	479
Didymellaceae	PZ779846.1	Didymella exigua PZ779846.1	voucher/strain	462
Didymellaceae	PZ779845.1	Didymella exigua PZ779845.1	voucher/strain	479
Didymellaceae	PZ779834.1	Boeremia exigua PZ779834.1	voucher/strain	511
Didymellaceae	PZ779821.1	Epicoccum nigrum PZ779821.1	voucher/strain	521
Didymellaceae	PZ779689.1	Nothophoma brennandiae PZ779689.1	voucher/strain	544
Didymellaceae	PZ779686.1	Nothophoma brennandiae PZ779686.1	voucher/strain	539
Didymellaceae	PZ779687.1	Nothophoma brennandiae PZ779687.1	voucher/strain	543
Didymellaceae	PZ779685.1	Nothophoma brennandiae PZ779685.1	voucher/strain	555
Didymellaceae	PZ770545.1	Juxtiphoma eupyrena PZ770545.1	voucher/strain	484
Didymellaceae	PZ766229.1	Epicoccum sp. PZ766229.1	voucher/strain	611
Didymellaceae	PZ745922.1	Epicoccum sp. PZ745922.1	voucher/strain	400
Didymellaceae	PZ745920.1	Didymella maydis PZ745920.1	voucher/strain	496
Didymellaceae	PZ745919.1	Didymella maydis PZ745919.1	voucher/strain	463
Didymellaceae	PZ745918.1	Didymella maydis PZ745918.1	voucher/strain	412
Didymellaceae	PZ745917.1	Didymella maydis PZ745917.1	voucher/strain	452
Didymellaceae	PZ210243.1	Epicoccum sorghinum PZ210243.1	voucher/strain	561
Didymellaceae	PV862234.1	Epicoccum sp. PV862234.1	voucher/strain	494
Didymellaceae	PV862233.1	Epicoccum sp. PV862233.1	voucher/strain	494
Microbotryomycetes	MH861490.1	Trigonosporomyces hylophilus MH861490.1	voucher/strain	572
Microbotryomycetes	MH856739.1	Sporobolomyces johnsonii MH856739.1	voucher/strain	605
Microbotryomycetes	PZ444504.1	Sporobolomyces ruberrimus PZ444504.1	voucher/strain	1054
Microbotryomycetes	PZ444499.1	Sporobolomyces lactucae PZ444499.1	voucher/strain	1015
Microbotryomycetes	PZ444497.1	Sporobolomyces roseus PZ444497.1	voucher/strain	1054
Microbotryomycetes	PZ444496.1	Sporobolomyces ruberrimus PZ444496.1	voucher/strain	1045
Microbotryomycetes	PZ444487.1	Sporobolomyces lactucae PZ444487.1	voucher/strain	1055
Microbotryomycetes	PZ444484.1	Leucosporidium golubevii PZ444484.1	voucher/strain	1107
Microbotryomycetes	PZ444478.1	Sporobolomyces ruberrimus PZ444478.1	voucher/strain	1093
Microbotryomycetes	PZ444476.1	Sporobolomyces ruberrimus PZ444476.1	voucher/strain	1091
Microbotryomycetes	PZ444475.1	Leucosporidium sp. PZ444475.1	voucher/strain	1077
Microbotryomycetes	PZ444472.1	Sporobolomyces ruberrimus PZ444472.1	voucher/strain	1043
Microbotryomycetes	PZ444465.1	Rhodotorula graminis PZ444465.1	voucher/strain	1105
Microbotryomycetes	PZ444462.1	Rhodotorula babjevae PZ444462.1	voucher/strain	1057
Microbotryomycetes	PZ444438.1	Curvibasidium sp. PZ444438.1	voucher/strain	1072
Microbotryomycetes	PZ444431.1	Curvibasidium sp. PZ444431.1	voucher/strain	1113
Microbotryomycetes	PZ444428.1	Sporobolomyces sp. PZ444428.1	voucher/strain	1095
Microbotryomycetes	PZ444426.1	Sporobolomyces sp. PZ444426.1	voucher/strain	1092
Microbotryomycetes	PZ444412.1	Sporobolomyces ruberrimus PZ444412.1	voucher/strain	1048
Microbotryomycetes	PZ444406.1	Sporobolomyces roseus PZ444406.1	voucher/strain	1091
Microbotryomycetes	PZ444401.1	Rhodotorula graminis PZ444401.1	voucher/strain	1056
Microbotryomycetes	PZ444399.1	Sporobolomyces sp. PZ444399.1	voucher/strain	1108
Microbotryomycetes	NR_202298.1	Microbotryum graecum NR_202298.1	type	637
Microbotryomycetes	PX872216.1	Rhodotorula glutinis PX872216.1	voucher/strain	584
Microbotryomycetes	PX872215.1	Rhodotorula sphaerocarpa PX872215.1	voucher/strain	597
Microbotryomycetes	PX574308.1	Rhodotorula paludigena PX574308.1	voucher/strain	551
Microbotryomycetes	PX457243.1	Rhodotorula diobovata PX457243.1	voucher/strain	562
Microbotryomycetes	PX457238.1	Rhodotorula paludigena PX457238.1	voucher/strain	551
Microbotryomycetes	PX457235.1	Rhodotorula toruloides PX457235.1	voucher/strain	503
Microbotryomycetes	PX454513.1	Rhodotorula toruloides PX454513.1	voucher/strain	510
Microbotryomycetes	PZ785095.1	Sporobolomyces johnsonii PZ785095.1	voucher/strain	574
Microbotryomycetes	PZ777223.1	Rhodotorula mucilaginosa PZ777223.1	voucher/strain	875
Microbotryomycetes	PZ745335.1	Rhodotorula mucilaginosa PZ745335.1	voucher/strain	554
Microbotryomycetes	PV998793.1	Rhodotorula mucilaginosa PV998793.1	voucher/strain	592
Microbotryomycetes	PZ736900.1	Fellozyma sp. PZ736900.1	voucher/strain	643
Microbotryomycetes	PZ716334.1	Sporobolomyces roseus PZ716334.1	voucher/strain	421
Microbotryomycetes	PZ716324.1	Sporobolomyces roseus PZ716324.1	voucher/strain	523
Microbotryomycetes	PV836785.1	Rhodotorula mucilaginosa PV836785.1	voucher/strain	510
Microbotryomycetes	PZ715736.1	Rhodotorula mucilaginosa PZ715736.1	voucher/strain	900
Microbotryomycetes	PZ715735.1	Rhodotorula mucilaginosa PZ715735.1	voucher/strain	960
Microbotryomycetes	PZ715734.1	Rhodotorula mucilaginosa PZ715734.1	voucher/strain	780
Microbotryomycetes	PZ695150.1	Rhodotorula babjevae PZ695150.1	voucher/strain	530
Microbotryomycetes	PZ692144.1	Microbotryomycetes sp. PZ692144.1	none	255
Microbotryomycetes	PZ692129.1	uncultured Udeniozyma PZ692129.1	voucher/strain	237
Microbotryomycetes	PZ692092.1	Rhodotorula sp. PZ692092.1	none	203
Microbotryomycetes	PZ692081.1	Udeniozyma ferulica PZ692081.1	none	262
Microbotryomycetes	PZ692015.1	uncultured Udeniozyma PZ692015.1	voucher/strain	254
Microbotryomycetes	PZ691835.1	Udeniozyma ferulica PZ691835.1	none	242
Microbotryomycetes	PZ691828.1	Microbotryomycetes sp. PZ691828.1	none	234
Microbotryomycetes	PZ691691.1	Microbotryomycetes sp. PZ691691.1	none	278
Microbotryomycetes	PZ691161.1	Microbotryomycetes sp. PZ691161.1	voucher/strain	415
Microbotryomycetes	PZ690905.1	Udeniozyma sp. PZ690905.1	voucher/strain	409
Microbotryomycetes	PZ690806.1	Colacogloea sp. PZ690806.1	voucher/strain	425
Microbotryomycetes	PZ690805.1	Colacogloea sp. PZ690805.1	voucher/strain	439
Mortierellaceae	LC904870.1	Entomortierella sp. LC904870.1	none	236
Mortierellaceae	LC904863.1	Podila sp. LC904863.1	none	238
Mortierellaceae	LC904852.1	Mortierella sp. LC904852.1	none	238
Mortierellaceae	LC904848.1	Mortierella sp. LC904848.1	none	231
Mortierellaceae	LC904846.1	Podila sp. LC904846.1	none	240
Mortierellaceae	MH871944.1	Linnemannia acrotona MH871944.1	voucher/strain	1305
Mortierellaceae	MH871660.1	Mortierella antarctica MH871660.1	voucher/strain	1305
Mortierellaceae	MH868591.1	Linnemannia gamsii MH868591.1	voucher/strain	1313
Mortierellaceae	MH867300.1	Linnemannia gamsii MH867300.1	voucher/strain	1303
Mortierellaceae	MH866744.1	Gamsiella stylospora MH866744.1	voucher/strain	1465
Mortierellaceae	MH866079.1	Mortierella sp. SW-2013 MH866079.1	voucher/strain	633
Mortierellaceae	MH862832.1	Mortierella sp. DV-2018a MH862832.1	voucher/strain	587
Mortierellaceae	MH862681.1	Mortierella microzygospora MH862681.1	voucher/strain	706
Mortierellaceae	MH862680.1	Linnemannia cogitans MH862680.1	voucher/strain	590
Mortierellaceae	MH862533.1	Podila verticillata MH862533.1	voucher/strain	712
Mortierellaceae	MH862532.1	Podila verticillata MH862532.1	voucher/strain	703
Mortierellaceae	MH862531.1	Linnemannia biramosa MH862531.1	voucher/strain	599
Mortierellaceae	MH861142.1	Mortierella histoplasmatoides MH861142.1	voucher/strain	564
Mortierellaceae	MH861129.1	Gamsiella multidivaricata MH861129.1	voucher/strain	771
Mortierellaceae	MH861074.1	Dissophora ornata MH861074.1	voucher/strain	635
Mortierellaceae	MH861073.1	Dissophora ornata MH861073.1	voucher/strain	663
Mortierellaceae	MH860987.1	Podila epicladia MH860987.1	voucher/strain	628
Mortierellaceae	MH860821.1	Mortierella armillariicola MH860821.1	voucher/strain	592
Mortierellaceae	MH860552.1	Entomortierella basiparvispora MH860552.1	voucher/strain	692
Mortierellaceae	MH860410.1	Entomortierella beljakovae MH860410.1	voucher/strain	600
Mortierellaceae	MH860387.1	Mortierella parazychae MH860387.1	voucher/strain	601
Mortierellaceae	MH860177.1	Linnemannia fatshederae MH860177.1	voucher/strain	633
Mortierellaceae	MH860176.1	Linnemannia acrotona MH860176.1	voucher/strain	1305
Mortierellaceae	MH860045.1	Mortierella kuhlmanii MH860045.1	voucher/strain	711
Mortierellaceae	MH860031.1	Lunasporangiospora chienii MH860031.1	voucher/strain	614
Mortierellaceae	PZ770547.1	Mortierella alpina PZ770547.1	voucher/strain	582
Mortierellaceae	PZ770546.1	Linnemannia elongata PZ770546.1	voucher/strain	423
Mortierellaceae	PZ738711.1	Mortierella sp. PZ738711.1	voucher/strain	639
Mortierellaceae	PZ692090.1	Mortierella sp. PZ692090.1	none	242
Mortierellaceae	PZ691992.1	Mortierella sp. PZ691992.1	none	238
Mortierellaceae	PZ691916.1	Mortierella sp. PZ691916.1	none	267
Mortierellaceae	PZ691862.1	Linnemannia sp. PZ691862.1	none	235
Mortierellaceae	PZ691791.1	Mortierella sp. PZ691791.1	none	237
Mortierellaceae	PZ691725.1	Mortierella sp. PZ691725.1	none	267
Mortierellaceae	PZ691675.1	Linnemannia amoeboidea PZ691675.1	none	279
Mortierellaceae	PZ691658.1	Mortierella sp. PZ691658.1	none	245
Mortierellaceae	PZ691594.1	Mortierella sp. PZ691594.1	none	242
Mortierellaceae	PZ691586.1	Linnemannia hyalina PZ691586.1	none	379
Mortierellaceae	PZ691552.1	Mortierellaceae sp. PZ691552.1	none	216
Mortierellaceae	PZ691525.1	Podila humilis PZ691525.1	none	232
Mortierellaceae	PZ691520.1	Mortierella sp. PZ691520.1	none	255
Mortierellaceae	PZ691499.1	Mortierellaceae sp. PZ691499.1	none	222
Mortierellaceae	PZ691493.1	Mortierellaceae sp. PZ691493.1	none	221
Mortierellaceae	PZ691459.1	Mortierellaceae sp. PZ691459.1	none	234
Mortierellaceae	PZ691435.1	Mortierellaceae sp. PZ691435.1	none	222
Mortierellaceae	PZ691395.1	Mortierellaceae sp. PZ691395.1	none	255
Mortierellaceae	PZ691352.1	Mortierellaceae sp. PZ691352.1	none	222
Mortierellaceae	PZ691317.1	Mortierellaceae sp. PZ691317.1	none	216
Mortierellaceae	PZ690756.1	Mortierella tsukubaensis PZ690756.1	voucher/strain	445
Dothideomycetes	NR_191277.1	Heleiosa guizhouensis NR_191277.1	type	520
Dothideomycetes	NR_177557.1	Phaeosphaeria pini NR_177557.1	type	581
Dothideomycetes	NR_172455.1	Heleiosa lincangensis NR_172455.1	type	461
Dothideomycetes	NR_165522.1	Phaeosphaeria brachylaenae NR_165522.1	type	589
Dothideomycetes	NR_155391.1	Meristemomyces arctostaphyli NR_155391.1	type	552
Dothideomycetes	PZ745140.1	Kirschsteiniothelia sp. T82386-1 PZ745140.1	voucher/strain	846
Dothideomycetes	PZ744921.1	Periconia fueloephazae PZ744921.1	voucher/strain	963
Dothideomycetes	PZ744920.1	Periconia fueloephazae PZ744920.1	voucher/strain	934
Dothideomycetes	PZ744919.1	Periconia neomacrospinosa PZ744919.1	voucher/strain	515
Dothideomycetes	PZ744918.1	Periconia macrospinosa PZ744918.1	voucher/strain	515
Dothideomycetes	PZ744917.1	Periconia macrospinosa PZ744917.1	voucher/strain	515
Dothideomycetes	PZ744916.1	Periconia neomacrospinosa PZ744916.1	voucher/strain	515
Dothideomycetes	PZ744915.1	Periconia neomacrospinosa PZ744915.1	voucher/strain	515
Dothideomycetes	PZ744914.1	Periconia macrospinosa PZ744914.1	voucher/strain	515
Dothideomycetes	PZ744913.1	Periconia neomacrospinosa PZ744913.1	voucher/strain	509
Dothideomycetes	PZ744912.1	Periconia macrospinosa PZ744912.1	voucher/strain	518
Dothideomycetes	PZ744911.1	Periconia macrospinosa PZ744911.1	voucher/strain	517
Dothideomycetes	PZ744910.1	Periconia macrospinosa PZ744910.1	voucher/strain	516
Dothideomycetes	PZ744909.1	Periconia macrospinosa PZ744909.1	voucher/strain	492
Dothideomycetes	PZ744908.1	Periconia macrospinosa PZ744908.1	voucher/strain	517
Dothideomycetes	PZ744907.1	Periconia macrospinosa PZ744907.1	voucher/strain	517
Dothideomycetes	PZ744906.1	Periconia macrospinosa PZ744906.1	voucher/strain	517
Dothideomycetes	PZ744905.1	Periconia macrospinosa PZ744905.1	voucher/strain	518
Dothideomycetes	PZ744904.1	Periconia macrospinosa PZ744904.1	voucher/strain	517
Dothideomycetes	PZ744903.1	Periconia macrospinosa PZ744903.1	voucher/strain	517
Dothideomycetes	PZ744902.1	Periconia macrospinosa PZ744902.1	voucher/strain	517
Dothideomycetes	PZ744901.1	Periconia macrospinosa PZ744901.1	voucher/strain	517
Dothideomycetes	PZ744900.1	Periconia macrospinosa PZ744900.1	voucher/strain	517
Dothideomycetes	PZ744899.1	Periconia circinata PZ744899.1	voucher/strain	519
Dothideomycetes	PZ744898.1	Periconia circinata PZ744898.1	voucher/strain	519
Dothideomycetes	PZ783935.1	Scolecobasidium musae PZ783935.1	voucher/strain	696
Dothideomycetes	PZ783594.1	Exserohilum rostratum PZ783594.1	voucher/strain	577
Dothideomycetes	PZ780856.1	Epicoccum sorghinum PZ780856.1	voucher/strain	550
Dothideomycetes	PZ780180.1	Botryosphaeria sp. PZ780180.1	voucher/strain	558
Dothideomycetes	PZ780179.1	Botryosphaeria sp. PZ780179.1	voucher/strain	558
Dothideomycetes	PZ780178.1	Botryosphaeria sp. PZ780178.1	voucher/strain	558
Dothideomycetes	PZ780165.1	Botryosphaeria sp. PZ780165.1	voucher/strain	552
Dothideomycetes	PZ780164.1	Botryosphaeria sp. PZ780164.1	voucher/strain	552
Dothideomycetes	PZ780163.1	Botryosphaeria sp. PZ780163.1	voucher/strain	552
Dothideomycetes	PZ780068.1	Curvularia lunata PZ780068.1	voucher/strain	541
Dothideomycetes	PZ779985.1	Neodidymelliopsis sp. PZ779985.1	voucher/strain	523
Dothideomycetes	PZ779849.1	Didymella exigua PZ779849.1	voucher/strain	470
Dothideomycetes	PZ779848.1	Didymella exigua PZ779848.1	voucher/strain	479
Dothideomycetes	PZ779847.1	Didymella exigua PZ779847.1	voucher/strain	479
Dothideomycetes	PZ779846.1	Didymella exigua PZ779846.1	voucher/strain	462
Dothideomycetes	PZ779845.1	Didymella exigua PZ779845.1	voucher/strain	479
Dothideomycetes	PZ779844.1	Cladosporium sp. PZ779844.1	voucher/strain	525
Dothideomycetes	PZ779843.1	Cladosporium sp. PZ779843.1	voucher/strain	525
Dothideomycetes	PZ779842.1	Cladosporium sp. PZ779842.1	voucher/strain	525
Dothideomycetes	PZ779841.1	Cladosporium sp. PZ779841.1	voucher/strain	525
Dothideomycetes	PZ779840.1	Cladosporium sp. PZ779840.1	voucher/strain	525
Dothideomycetes	PZ779839.1	Cladosporium sp. PZ779839.1	voucher/strain	528
Dothideomycetes	PZ779838.1	Cladosporium sp. PZ779838.1	voucher/strain	530
Dothideomycetes	PZ779837.1	Cladosporium sp. PZ779837.1	voucher/strain	519
Dothideomycetes	PZ779836.1	Cladosporium sp. PZ779836.1	voucher/strain	519
Coniochaetales	MH869278.1	Coniochaeta discospora MH869278.1	voucher/strain	938
Coniochaetales	MH866063.1	[Lecythophora] canina MH866063.1	voucher/strain	577
Coniochaetales	MH865902.1	Coniochaeta cateniformis MH865902.1	voucher/strain	578
Coniochaetales	MH865901.1	Coniochaeta luteorubra MH865901.1	voucher/strain	589
Coniochaetales	MH864668.1	Cordana verruculosa MH864668.1	voucher/strain	557
Coniochaetales	MH863095.1	Coniochaeta africana MH863095.1	voucher/strain	576
Coniochaetales	MH862420.1	Coniochaeta cypraeaespora MH862420.1	voucher/strain	509
Coniochaetales	MH862164.1	Coniochaeta arxii MH862164.1	voucher/strain	512
Coniochaetales	MH861634.1	Cordana inaequalis MH861634.1	voucher/strain	552
Coniochaetales	MH861254.1	Coniochaeta punctulata MH861254.1	voucher/strain	475
Coniochaetales	MH861253.1	Coniochaeta discoidea MH861253.1	voucher/strain	496
Coniochaetales	MH861109.1	Coniochaeta polysperma MH861109.1	voucher/strain	500
Coniochaetales	MH861057.1	Coniochaeta extramundana MH861057.1	voucher/strain	491
Coniochaetales	MH860890.1	Coniochaeta savoryi MH860890.1	voucher/strain	495
Coniochaetales	MH860862.1	Coniochaeta boothii MH860862.1	voucher/strain	482
Coniochaetales	MH860482.1	Cordana ellipsoidea MH860482.1	voucher/strain	516
Coniochaetales	MH860369.1	Coniochaeta verticillata MH860369.1	voucher/strain	530
Coniochaetales	MH859821.1	Coniochaeta ostrea MH859821.1	voucher/strain	508
Coniochaetales	MH859092.1	Coniochaeta ellipsoidea MH859092.1	voucher/strain	571
Coniochaetales	MH859091.1	Coniochaeta ellipsoidea MH859091.1	voucher/strain	476
Coniochaetales	MH858544.1	Cordana bisbyi MH858544.1	voucher/strain	484
Coniochaetales	MH857740.1	Coniochaeta discospora MH857740.1	voucher/strain	592
Coniochaetales	MH857096.1	Cordana terrestris MH857096.1	voucher/strain	551
Coniochaetales	MH856122.1	Coniochaeta mutabilis MH856122.1	voucher/strain	644
Coniochaetales	MH855948.1	Coniochaeta luteoviridis MH855948.1	voucher/strain	578
Coniochaetales	MH855947.1	Coniochaeta fasciculata MH855947.1	voucher/strain	647
Coniochaetales	MH855438.1	Coniochaeta lignicola MH855438.1	voucher/strain	998
Coniochaetales	PZ123755.1	Coniochaeta urdiae PZ123755.1	voucher/strain	1448
Coniochaetales	PZ221274.1	Cordana ligni PZ221274.1	voucher/strain	523
Coniochaetales	PZ716338.1	Coniochaeta sp. PZ716338.1	voucher/strain	491
Coniochaetales	PZ716337.1	Coniochaeta sp. PZ716337.1	voucher/strain	309
Coniochaetales	PX596880.1	Coniochaeta sp. T74435-1 PX596880.1	voucher/strain	539
Coniochaetales	PX596879.1	Coniochaeta sp. T74435-1 PX596879.1	voucher/strain	546
Coniochaetales	PZ692139.1	Coniochaetaceae sp. PZ692139.1	none	254
Coniochaetales	PZ692031.1	uncultured Lecythophora PZ692031.1	voucher/strain	275
Coniochaetales	PZ691972.1	Coniochaeta sp. PZ691972.1	none	234
Coniochaetales	PZ691845.1	Coniochaeta cateniformis PZ691845.1	none	230
Coniochaetales	PZ691832.1	uncultured Lecythophora PZ691832.1	voucher/strain	263
Coniochaetales	PZ691698.1	Coniochaeta velutina PZ691698.1	none	248
Coniochaetales	PZ691671.1	Coniochaetaceae sp. PZ691671.1	none	263
Coniochaetales	PZ691629.1	Coniochaeta sp. PZ691629.1	none	300
Coniochaetales	PZ691606.1	Coniochaeta ligniaria PZ691606.1	none	267
Coniochaetales	PZ691603.1	[Lecythophora] canina PZ691603.1	none	222
Coniochaetales	PZ691576.1	uncultured Lecythophora PZ691576.1	voucher/strain	229
Coniochaetales	PZ691561.1	uncultured Lecythophora PZ691561.1	voucher/strain	239
Coniochaetales	PZ691480.1	Coniochaeta ligniaria PZ691480.1	none	256
Coniochaetales	PZ691471.1	Coniochaetales sp. PZ691471.1	none	249
Coniochaetales	PZ691433.1	Coniochaeta sp. PZ691433.1	none	264
Coniochaetales	PZ691405.1	[Lecythophora] canina PZ691405.1	none	252
Coniochaetales	PZ691382.1	Coniochaetales sp. PZ691382.1	none	249
Coniochaetales	PZ690816.1	Coniochaeta sp. PZ690816.1	voucher/strain	340
Coniochaetales	PZ690815.1	Coniochaeta sp. PZ690815.1	voucher/strain	342
Dothideaceae	MH861924.1	Rhizosphaera merioides MH861924.1	voucher/strain	590
Dothideaceae	MH861202.1	Rhizosphaera macrospora MH861202.1	voucher/strain	612
Dothideaceae	MH859357.1	Neocylindroseptoria pistaciae MH859357.1	voucher/strain	967
Dothideaceae	PZ444464.1	Dothidea sp. PZ444464.1	voucher/strain	908
Dothideaceae	PX608819.1	Neophaeocryptopus sp. PX608819.1	voucher/strain	949
Dothideaceae	PV742628.1	Dothideaceae sp. 'CA03' PV742628.1	voucher/strain	627
Dothideaceae	PV581586.1	Coniozyma sp. PV581586.1	voucher/strain	262
Dothideaceae	PQ817086.1	Endoconidioma populi PQ817086.1	voucher/strain	585
Dothideaceae	PQ817044.1	Dothideaceae sp. 'CA02' PQ817044.1	voucher/strain	610
Dothideaceae	PP513140.1	Rhizosphaera sp. PP513140.1	voucher/strain	608
Dothideaceae	PQ298290.1	Dothidea insculpta PQ298290.1	voucher/strain	590
Dothideaceae	PQ279398.1	Dothideaceae sp. 'CA01' PQ279398.1	voucher/strain	593
Dothideaceae	PP971526.1	Stylodothis puccinioides PP971526.1	voucher/strain	631
Dothideaceae	OR767891.1	Dothidea insculpta OR767891.1	voucher/strain	590
Dothideaceae	NR_187001.1	Paramycocentrospora acericola NR_187001.1	type	499
Dothideaceae	ON784041.1	Rhizosphaera minteri ON784041.1	voucher/strain	627
Dothideaceae	ON784040.1	Rhizosphaera minteri ON784040.1	voucher/strain	661
Dothideaceae	ON784039.1	Rhizosphaera minteri ON784039.1	voucher/strain	639
Dothideaceae	ON784038.1	Rhizosphaera minteri ON784038.1	voucher/strain	585
Dothideaceae	ON784037.1	Rhizosphaera minteri ON784037.1	voucher/strain	638
Dothideaceae	ON784036.1	Rhizosphaera minteri ON784036.1	voucher/strain	645
Dothideaceae	ON784035.1	Rhizosphaera minteri ON784035.1	voucher/strain	647
Dothideaceae	ON784034.1	Rhizosphaera minteri ON784034.1	voucher/strain	652
Dothideaceae	ON784033.1	Rhizosphaera minteri ON784033.1	voucher/strain	640
Dothideaceae	ON784032.1	Rhizosphaera minteri ON784032.1	voucher/strain	645
Dothideaceae	ON784031.1	Rhizosphaera minteri ON784031.1	voucher/strain	648
Dothideaceae	ON784030.1	Rhizosphaera minteri ON784030.1	voucher/strain	624
Dothideaceae	ON784029.1	Rhizosphaera minteri ON784029.1	voucher/strain	638
Dothideaceae	ON784028.1	Rhizosphaera minteri ON784028.1	voucher/strain	650
Dothideaceae	ON784027.1	Rhizosphaera minteri ON784027.1	voucher/strain	646
Dothideaceae	MH857756.1	Dothidea sambuci MH857756.1	voucher/strain	1813
Dothideaceae	MH857754.1	Stylodothis puccinioides MH857754.1	voucher/strain	602
Dothideaceae	MH857753.1	Stylodothis puccinioides MH857753.1	voucher/strain	602
Dothideaceae	MH857752.1	Dothidea muelleri MH857752.1	voucher/strain	601
Dothideaceae	MH857751.1	Dothidea muelleri MH857751.1	voucher/strain	601
Dothideaceae	MH857750.1	Dothidea hippophaes MH857750.1	voucher/strain	598
Dothideaceae	MH855477.1	Dothidea noxia MH855477.1	voucher/strain	586
Dothideaceae	MH854884.1	Rhizosphaera pini MH854884.1	voucher/strain	517
Dothideaceae	PX205940.1	Endoconidioma populi PX205940.1	voucher/strain	545
Dothideaceae	PX205939.1	Endoconidioma populi PX205939.1	voucher/strain	542
Dothideaceae	PX205938.1	Endoconidioma populi PX205938.1	voucher/strain	551
Dothideaceae	PZ165507.1	Endoconidioma sp. PZ165507.1	voucher/strain	534
Dothideaceae	PZ058402.1	Rhizosphaera sp. PZ058402.1	voucher/strain	257
Dothideaceae	PZ057609.1	Rhizosphaera sp. PZ057609.1	voucher/strain	284
Dothideaceae	PX689207.1	Rhizosphaera sp. PX689207.1	voucher/strain	257
Dothideaceae	PX657328.1	Rhizosphaera pini PX657328.1	voucher/strain	1031
Dothideaceae	PV948956.1	Endoconidioma sp. PV948956.1	voucher/strain	535
Dothideaceae	PX561043.1	Neophaeocryptopus spartii PX561043.1	voucher/strain	398
Dothideaceae	PX561042.1	Neophaeocryptopus spartii PX561042.1	voucher/strain	337
Dothideaceae	PQ453968.1	Rhizosphaera macrospora PQ453968.1	voucher/strain	592
Dothideaceae	PX421854.1	Endoconidioma sp. PX421854.1	voucher/strain	295
Saccotheciaceae	MH863414.1	Pseudoselenophoma australiensis MH863414.1	voucher/strain	630
Saccotheciaceae	MH863294.1	Aureobasidium subglaciale MH863294.1	voucher/strain	507
Saccotheciaceae	MH857648.1	Aureobasidium fermentans MH857648.1	voucher/strain	506
Saccotheciaceae	MH854707.1	Aureobasidium melanogenum MH854707.1	voucher/strain	588
Saccotheciaceae	MH854694.1	Aureobasidium lini MH854694.1	voucher/strain	586
Saccotheciaceae	PZ274832.1	Aureobasidium orosae PZ274832.1	voucher/strain	613
Saccotheciaceae	PZ444502.1	Aureobasidium sp. PZ444502.1	voucher/strain	1023
Saccotheciaceae	PZ444501.1	Aureobasidium pullulans PZ444501.1	voucher/strain	1031
Saccotheciaceae	PZ444495.1	Aureobasidium sp. PZ444495.1	voucher/strain	1024
Saccotheciaceae	PZ444489.1	Aureobasidium subglaciale PZ444489.1	voucher/strain	1075
Saccotheciaceae	PZ444479.1	Aureobasidium pullulans PZ444479.1	voucher/strain	1065
Saccotheciaceae	PZ444471.1	Aureobasidium pullulans PZ444471.1	voucher/strain	1034
Saccotheciaceae	PZ444468.1	Aureobasidium pullulans PZ444468.1	voucher/strain	1061
Saccotheciaceae	PZ444466.1	Aureobasidium mahoniae PZ444466.1	voucher/strain	1069
Saccotheciaceae	PZ444452.1	Aureobasidium sp. PZ444452.1	voucher/strain	1081
Saccotheciaceae	PZ444443.1	Aureobasidium sp. PZ444443.1	voucher/strain	1037
Saccotheciaceae	PZ444436.1	Aureobasidium sp. PZ444436.1	voucher/strain	1067
Saccotheciaceae	PZ444425.1	Aureobasidium sp. PZ444425.1	voucher/strain	1081
Saccotheciaceae	PZ444424.1	Aureobasidium sp. PZ444424.1	voucher/strain	1081
Saccotheciaceae	PZ444421.1	Aureobasidium sp. PZ444421.1	voucher/strain	1070
Saccotheciaceae	PZ444407.1	Aureobasidium sp. PZ444407.1	voucher/strain	1082
Saccotheciaceae	NR_202597.1	Paivomyces mimosae NR_202597.1	type	527
Saccotheciaceae	PZ336262.1	Aureobasidium zhengzhenxiangiae PZ336262.1	voucher/strain	710
Saccotheciaceae	PZ336259.1	Aureobasidium gimbutasiae PZ336259.1	voucher/strain	710
Saccotheciaceae	PZ336258.1	Aureobasidium frostiae PZ336258.1	voucher/strain	557
Saccotheciaceae	NR_156527.1	Pseudoselenophoma australiensis NR_156527.1	type	728
Saccotheciaceae	PX215345.1	Aureobasidium caulivorum PX215345.1	voucher/strain	621
Saccotheciaceae	PQ811698.1	Paivomyces mimosae PQ811698.1	voucher/strain	527
Saccotheciaceae	PV917659.1	Aureobasidium pullulans PV917659.1	voucher/strain	555
Saccotheciaceae	PV650201.1	Aureobasidium sp. 'CA01' PV650201.1	voucher/strain	622
Saccotheciaceae	PZ756801.1	Aureobasidium pullulans PZ756801.1	voucher/strain	546
Saccotheciaceae	PZ756800.1	Aureobasidium pullulans PZ756800.1	voucher/strain	457
Saccotheciaceae	PZ756799.1	Aureobasidium pullulans PZ756799.1	voucher/strain	491
Saccotheciaceae	PZ756798.1	Aureobasidium pullulans PZ756798.1	voucher/strain	497
Saccotheciaceae	PZ756796.1	Aureobasidium pullulans PZ756796.1	voucher/strain	467
Saccotheciaceae	PZ756795.1	Aureobasidium pullulans PZ756795.1	voucher/strain	472
Saccotheciaceae	PV938387.1	Aureobasidium sp. PV938387.1	voucher/strain	233
Saccotheciaceae	PV938371.1	Aureobasidium sp. PV938371.1	voucher/strain	208
Saccotheciaceae	PZ734645.1	Aureobasidium pullulans PZ734645.1	voucher/strain	619
Saccotheciaceae	PZ729944.1	Aureobasidium lini PZ729944.1	voucher/strain	583
Saccotheciaceae	PZ716331.1	Aureobasidium sp. PZ716331.1	voucher/strain	364
Saccotheciaceae	PZ716320.1	Aureobasidium proteae PZ716320.1	voucher/strain	541
Saccotheciaceae	PZ716316.1	Aureobasidium melanogenum PZ716316.1	voucher/strain	503
Saccotheciaceae	PZ716313.1	Aureobasidium sp. PZ716313.1	voucher/strain	369
Saccotheciaceae	PZ695130.1	Aureobasidium pullulans PZ695130.1	voucher/strain	464
Saccotheciaceae	PZ690102.1	Aureobasidium pullulans PZ690102.1	voucher/strain	342
Saccotheciaceae	PZ661520.1	Aureobasidium pullulans PZ661520.1	voucher/strain	520
Saccotheciaceae	PP844398.1	Aureobasidium sp. PP844398.1	voucher/strain	523
Saccotheciaceae	PP844377.1	Aureobasidium sp. PP844377.1	voucher/strain	523
Saccotheciaceae	PP844347.1	Aureobasidium pullulans PP844347.1	voucher/strain	539
Saccotheciaceae	PP844344.1	Aureobasidium pullulans PP844344.1	voucher/strain	518
Saccotheciaceae	PP844342.1	Aureobasidium pullulans PP844342.1	voucher/strain	513
Sclerotiniaceae	PZ738151.1	Ciborinia camelliae PZ738151.1	voucher/strain	507
Sclerotiniaceae	MH871883.1	Botrytis cinerea MH871883.1	voucher/strain	1199
Sclerotiniaceae	MH869860.1	Botryotinia ranunculi MH869860.1	voucher/strain	1304
Sclerotiniaceae	MH866378.1	Botrytis porri MH866378.1	voucher/strain	1202
Sclerotiniaceae	MH862805.1	Monilinia polystroma MH862805.1	voucher/strain	550
Sclerotiniaceae	MH862558.1	Ciboria cistophila MH862558.1	voucher/strain	814
Sclerotiniaceae	MH860108.1	Botrytis cinerea MH860108.1	voucher/strain	1199
Sclerotiniaceae	MH858318.1	Streptotinia caulophylli MH858318.1	voucher/strain	459
Sclerotiniaceae	MH858258.1	Botryotinia ranunculi MH858258.1	voucher/strain	1304
Sclerotiniaceae	MH858256.1	Botryotinia ficariarum MH858256.1	voucher/strain	464
Sclerotiniaceae	MH857685.1	Haplaria ochracea MH857685.1	voucher/strain	537
Sclerotiniaceae	MH856724.1	Botrytis pelargonii MH856724.1	voucher/strain	463
Sclerotiniaceae	MH855964.1	Botryotinia convoluta MH855964.1	voucher/strain	507
Sclerotiniaceae	MH855916.1	Septotinia podophyllina MH855916.1	voucher/strain	1019
Sclerotiniaceae	MH855221.1	Ciborinia erythronii MH855221.1	voucher/strain	454
Sclerotiniaceae	MH855020.1	Botrytis fabae MH855020.1	voucher/strain	464
Sclerotiniaceae	MH854885.1	Botrytis porri MH854885.1	voucher/strain	1202
Sclerotiniaceae	MH854846.1	Monilinia fructicola MH854846.1	voucher/strain	537
Sclerotiniaceae	MH854739.1	Botrytis byssoidea MH854739.1	voucher/strain	463
Sclerotiniaceae	PZ593357.1	Monilinia padi PZ593357.1	voucher/strain	557
Sclerotiniaceae	PZ331252.1	Martininia panamaensis PZ331252.1	voucher/strain	871
Sclerotiniaceae	PZ573064.1	Ciboria rufescens PZ573064.1	voucher/strain	234
Sclerotiniaceae	PZ561618.1	Martinia panamaensis (nom. inval.) PZ561618.1	voucher/strain	240
Sclerotiniaceae	PZ554599.1	Monilinia sp. PZ554599.1	voucher/strain	549
Sclerotiniaceae	PZ554598.1	Monilinia sp. PZ554598.1	voucher/strain	546
Sclerotiniaceae	PZ481171.1	Botrytis cinerea PZ481171.1	voucher/strain	582
Sclerotiniaceae	PZ481170.1	Botrytis cinerea PZ481170.1	voucher/strain	518
Sclerotiniaceae	PZ481169.1	Botrytis cinerea PZ481169.1	voucher/strain	519
Sclerotiniaceae	PZ481168.1	Botrytis cinerea PZ481168.1	voucher/strain	539
Sclerotiniaceae	PZ481167.1	Botrytis cinerea PZ481167.1	voucher/strain	518
Sclerotiniaceae	PZ774987.1	Botrytis cinerea PZ774987.1	voucher/strain	572
Sclerotiniaceae	PZ764065.1	Sclerotinia sclerotiorum PZ764065.1	voucher/strain	518
Sclerotiniaceae	PZ756805.1	Botrytis cinerea PZ756805.1	voucher/strain	534
Sclerotiniaceae	PZ756804.1	Botrytis cinerea PZ756804.1	voucher/strain	506
Sclerotiniaceae	PZ756650.1	Monilinia fructicola PZ756650.1	voucher/strain	498
Sclerotiniaceae	PZ756649.1	Monilinia fructicola PZ756649.1	voucher/strain	499
Sclerotiniaceae	PZ756648.1	Monilinia fructicola PZ756648.1	voucher/strain	499
Sclerotiniaceae	PZ747052.1	Monilinia fructicola PZ747052.1	voucher/strain	418
Sclerotiniaceae	PZ747051.1	Monilinia fructicola PZ747051.1	voucher/strain	418
Sclerotiniaceae	PZ742346.1	Sclerotinia sclerotiorum PZ742346.1	voucher/strain	481
Sclerotiniaceae	PZ742338.1	Botrytis cinerea PZ742338.1	voucher/strain	406
Sclerotiniaceae	PZ683305.1	Botrytis cinerea PZ683305.1	voucher/strain	572
Sclerotiniaceae	PZ675420.1	Botrytis cinerea PZ675420.1	voucher/strain	571
Sclerotiniaceae	PZ626198.1	Botrytis cinerea PZ626198.1	voucher/strain	572
Sclerotiniaceae	PZ741729.1	Sclerotinia sclerotiorum PZ741729.1	voucher/strain	214
Sclerotiniaceae	PZ524750.1	Scleromitrula sp. PZ524750.1	none	276
Sclerotiniaceae	PZ524676.1	Botrytis sp. PZ524676.1	none	286
Sclerotiniaceae	PZ524529.1	Scleromitrula sp. PZ524529.1	none	272
Sclerotiniaceae	PZ524505.1	Ciborinia sp. PZ524505.1	none	296
Sclerotiniaceae	PZ524483.1	Scleromitrula sp. PZ524483.1	none	240
Sclerotiniaceae	PZ524421.1	Scleromitrula sp. PZ524421.1	none	284
Sclerotiniaceae	PZ524411.1	Scleromitrula sp. PZ524411.1	none	266
Sclerotiniaceae	PZ524397.1	Botrytis sp. PZ524397.1	none	328
Sclerotiniaceae	PZ524386.1	Scleromitrula sp. PZ524386.1	none	313
