accession	organism
LC904846.1	Podila sp.
LC904848.1	Mortierella sp.
LC904852.1	Mortierella sp.
LC904863.1	Podila sp.
LC904870.1	Entomortierella sp.
MH854694.1	Aureobasidium lini
MH854707.1	Aureobasidium melanogenum
MH854739.1	Botrytis byssoidea
MH854846.1	Monilinia fructicola
MH854884.1	Rhizosphaera pini
MH854885.1	Botrytis porri
MH855020.1	Botrytis fabae
MH855221.1	Ciborinia erythronii
MH855438.1	Coniochaeta lignicola
MH855477.1	Dothidea noxia
MH855916.1	Septotinia podophyllina
MH855947.1	Coniochaeta fasciculata
MH855948.1	Coniochaeta luteoviridis
MH855964.1	Botryotinia convoluta
MH856122.1	Coniochaeta mutabilis
MH856724.1	Botrytis pelargonii
MH856739.1	Sporobolomyces johnsonii
MH857096.1	Cordana terrestris
MH857648.1	Aureobasidium fermentans
MH857685.1	Haplaria ochracea
MH857740.1	Coniochaeta discospora
MH857750.1	Dothidea hippophaes
MH857751.1	Dothidea muelleri
MH857752.1	Dothidea muelleri
MH857753.1	Stylodothis puccinioides
MH857754.1	Stylodothis puccinioides
MH857756.1	Dothidea sambuci
MH858256.1	Botryotinia ficariarum
MH858258.1	Botryotinia ranunculi
MH858318.1	Streptotinia caulophylli
MH858544.1	Cordana bisbyi
MH859091.1	Coniochaeta ellipsoidea
MH859092.1	Coniochaeta ellipsoidea
MH859357.1	Neocylindroseptoria pistaciae
MH859821.1	Coniochaeta ostrea
MH860031.1	Lunasporangiospora chienii
MH860045.1	Mortierella kuhlmanii
MH860108.1	Botrytis cinerea
MH860176.1	Linnemannia acrotona
MH860177.1	Linnemannia fatshederae
MH860369.1	Coniochaeta verticillata
MH860387.1	Mortierella parazychae
MH860410.1	Entomortierella beljakovae
MH860482.1	Cordana ellipsoidea
MH860552.1	Entomortierella basiparvispora
MH860821.1	Mortierella armillariicola
MH860862.1	Coniochaeta boothii
MH860890.1	Coniochaeta savoryi
MH860987.1	Podila epicladia
MH861057.1	Coniochaeta extramundana
MH861073.1	Dissophora ornata
MH861074.1	Dissophora ornata
MH861109.1	Coniochaeta polysperma
MH861129.1	Gamsiella multidivaricata
MH861142.1	Mortierella histoplasmatoides
MH861202.1	Rhizosphaera macrospora
MH861253.1	Coniochaeta discoidea
MH861254.1	Coniochaeta punctulata
MH861490.1	Trigonosporomyces hylophilus
MH861634.1	Cordana inaequalis
MH861745.1	Vacuiphoma bulgarica
MH861755.1	Leptosphaerulina nitida
MH861756.1	Leptosphaerulina rupestris
MH861767.1	Leptosphaerulina albulae
MH861770.1	Phoma schachtii
MH861912.1	Stagonosporopsis crystalliniformis
MH861924.1	Rhizosphaera merioides
MH861962.1	Cumuliphoma omnivirens
MH861971.1	Neoascochyta exitialis
MH862064.1	Stagonosporopsis helianthi
MH862164.1	Coniochaeta arxii
MH862221.1	Stagonosporopsis inoxydabilis
MH862222.1	Stagonosporopsis dorenboschii
MH862231.1	Didymella microchlamydospora
MH862362.1	Phoma cruris-hominis
MH862364.1	Dimorphoma saxea
MH862381.1	Stagonosporopsis oculi-hominis
MH862388.1	Nothophoma arachidis-hypogaeae
MH862420.1	Coniochaeta cypraeaespora
MH862504.1	Didymella microchlamydospora
MH862531.1	Linnemannia biramosa
MH862532.1	Podila verticillata
MH862533.1	Podila verticillata
MH862558.1	Ciboria cistophila
MH862568.1	Ascochyta nigripycnidia
MH862666.1	Didymella heteroderae
MH862680.1	Linnemannia cogitans
MH862681.1	Mortierella microzygospora
MH862737.1	Stagonosporopsis lupini
MH862805.1	Monilinia polystroma
MH862832.1	Mortierella sp. DV-2018a
MH862845.1	Didymella boeremae
MH862956.1	Epicoccum proteae
MH863095.1	Coniochaeta africana
MH863293.1	Didymella coffeae-arabicae
MH863294.1	Aureobasidium subglaciale
MH863295.1	Nothophoma infossa
MH863321.1	Longididymella vitalbae
MH863382.1	Didymella longicolla
MH863383.1	Didymella pedeiae
MH863414.1	Pseudoselenophoma australiensis
MH864611.1	Phoma herbarum
MH864668.1	Cordana verruculosa
MH865901.1	Coniochaeta luteorubra
MH865902.1	Coniochaeta cateniformis
MH866063.1	[Lecythophora] canina
MH866079.1	Mortierella sp. SW-2013
MH866378.1	Botrytis porri
MH866744.1	Gamsiella stylospora
MH867300.1	Linnemannia gamsii
MH868591.1	Linnemannia gamsii
MH868978.1	Ascochyta phacae
MH869278.1	Coniochaeta discospora
MH869860.1	Botryotinia ranunculi
MH871660.1	Mortierella antarctica
MH871883.1	Botrytis cinerea
MH871944.1	Linnemannia acrotona
NR_155391.1	Meristemomyces arctostaphyli
NR_156527.1	Pseudoselenophoma australiensis
NR_165522.1	Phaeosphaeria brachylaenae
NR_172455.1	Heleiosa lincangensis
NR_177557.1	Phaeosphaeria pini
NR_187001.1	Paramycocentrospora acericola
NR_191277.1	Heleiosa guizhouensis
NR_202298.1	Microbotryum graecum
NR_202597.1	Paivomyces mimosae
ON784027.1	Rhizosphaera minteri
ON784028.1	Rhizosphaera minteri
ON784029.1	Rhizosphaera minteri
ON784030.1	Rhizosphaera minteri
ON784031.1	Rhizosphaera minteri
ON784032.1	Rhizosphaera minteri
ON784033.1	Rhizosphaera minteri
ON784034.1	Rhizosphaera minteri
ON784035.1	Rhizosphaera minteri
ON784036.1	Rhizosphaera minteri
ON784037.1	Rhizosphaera minteri
ON784038.1	Rhizosphaera minteri
ON784039.1	Rhizosphaera minteri
ON784040.1	Rhizosphaera minteri
ON784041.1	Rhizosphaera minteri
OR767891.1	Dothidea insculpta
PP513140.1	Rhizosphaera sp. (in: ascomycete fungi)
PP844342.1	Aureobasidium pullulans
PP844344.1	Aureobasidium pullulans
PP844347.1	Aureobasidium pullulans
PP844377.1	Aureobasidium sp.
PP844398.1	Aureobasidium sp.
PP971526.1	Stylodothis puccinioides
PQ279398.1	Dothideaceae sp. 'CA01'
PQ298290.1	Dothidea insculpta
PQ453968.1	Rhizosphaera macrospora
PQ811698.1	Paivomyces mimosae
PQ817044.1	Dothideaceae sp. 'CA02'
PQ817086.1	Endoconidioma populi
PV581586.1	Coniozyma sp.
PV650201.1	Aureobasidium sp. 'CA01'
PV742628.1	Dothideaceae sp. 'CA03'
PV836785.1	Rhodotorula mucilaginosa
PV862233.1	Epicoccum sp.
PV862234.1	Epicoccum sp.
PV917659.1	Aureobasidium pullulans
PV938371.1	Aureobasidium sp.
PV938387.1	Aureobasidium sp.
PV948956.1	Endoconidioma sp.
PV998793.1	Rhodotorula mucilaginosa
PX205938.1	Endoconidioma populi
PX205939.1	Endoconidioma populi
PX205940.1	Endoconidioma populi
PX215345.1	Aureobasidium caulivorum
PX421854.1	Endoconidioma sp.
PX454513.1	Rhodotorula toruloides
PX457235.1	Rhodotorula toruloides
PX457238.1	Rhodotorula paludigena
PX457243.1	Rhodotorula diobovata
PX561042.1	Neophaeocryptopus spartii
PX561043.1	Neophaeocryptopus spartii
PX574308.1	Rhodotorula paludigena
PX596879.1	Coniochaeta sp. T74435-1
PX596880.1	Coniochaeta sp. T74435-1
PX608819.1	Neophaeocryptopus sp.
PX657328.1	Rhizosphaera pini
PX689207.1	Rhizosphaera sp. (in: ascomycete fungi)
PX872215.1	Rhodotorula sphaerocarpa
PX872216.1	Rhodotorula glutinis
PZ057609.1	Rhizosphaera sp. (in: ascomycete fungi)
PZ058402.1	Rhizosphaera sp. (in: ascomycete fungi)
PZ123755.1	Coniochaeta urdiae
PZ165507.1	Endoconidioma sp.
PZ210243.1	Epicoccum sorghinum
PZ221274.1	Cordana ligni
PZ274832.1	Aureobasidium orosae
PZ331252.1	Martininia panamaensis
PZ336258.1	Aureobasidium frostiae
PZ336259.1	Aureobasidium gimbutasiae
PZ336262.1	Aureobasidium zhengzhenxiangiae
PZ444399.1	Sporobolomyces sp.
PZ444401.1	Rhodotorula graminis
PZ444406.1	Sporobolomyces roseus
PZ444407.1	Aureobasidium sp.
PZ444412.1	Sporobolomyces ruberrimus
PZ444421.1	Aureobasidium sp.
PZ444424.1	Aureobasidium sp.
PZ444425.1	Aureobasidium sp.
PZ444426.1	Sporobolomyces sp.
PZ444428.1	Sporobolomyces sp.
PZ444431.1	Curvibasidium sp.
PZ444436.1	Aureobasidium sp.
PZ444438.1	Curvibasidium sp.
PZ444443.1	Aureobasidium sp.
PZ444452.1	Aureobasidium sp.
PZ444462.1	Rhodotorula babjevae
PZ444464.1	Dothidea sp.
PZ444465.1	Rhodotorula graminis
PZ444466.1	Aureobasidium mahoniae
PZ444468.1	Aureobasidium pullulans
PZ444471.1	Aureobasidium pullulans
PZ444472.1	Sporobolomyces ruberrimus
PZ444475.1	Leucosporidium sp.
PZ444476.1	Sporobolomyces ruberrimus
PZ444478.1	Sporobolomyces ruberrimus
PZ444479.1	Aureobasidium pullulans
PZ444484.1	Leucosporidium golubevii
PZ444487.1	Sporobolomyces lactucae
PZ444489.1	Aureobasidium subglaciale
PZ444495.1	Aureobasidium sp.
PZ444496.1	Sporobolomyces ruberrimus
PZ444497.1	Sporobolomyces roseus
PZ444499.1	Sporobolomyces lactucae
PZ444501.1	Aureobasidium pullulans
PZ444502.1	Aureobasidium sp.
PZ444504.1	Sporobolomyces ruberrimus
PZ481167.1	Botrytis cinerea
PZ481168.1	Botrytis cinerea
PZ481169.1	Botrytis cinerea
PZ481170.1	Botrytis cinerea
PZ481171.1	Botrytis cinerea
PZ524386.1	Scleromitrula sp.
PZ524397.1	Botrytis sp.
PZ524411.1	Scleromitrula sp.
PZ524421.1	Scleromitrula sp.
PZ524483.1	Scleromitrula sp.
PZ524505.1	Ciborinia sp.
PZ524529.1	Scleromitrula sp.
PZ524676.1	Botrytis sp.
PZ524750.1	Scleromitrula sp.
PZ554598.1	Monilinia sp.
PZ554599.1	Monilinia sp.
PZ561618.1	Martinia panamaensis (nom. inval.)
PZ573064.1	Ciboria rufescens
PZ593357.1	Monilinia padi
PZ626198.1	Botrytis cinerea
PZ661520.1	Aureobasidium pullulans
PZ675420.1	Botrytis cinerea
PZ683305.1	Botrytis cinerea
PZ690102.1	Aureobasidium pullulans
PZ690756.1	Mortierella tsukubaensis
PZ690805.1	Colacogloea sp.
PZ690806.1	Colacogloea sp.
PZ690815.1	Coniochaeta sp.
PZ690816.1	Coniochaeta sp.
PZ690905.1	Udeniozyma sp.
PZ691161.1	Microbotryomycetes sp.
PZ691317.1	Mortierellaceae sp.
PZ691352.1	Mortierellaceae sp.
PZ691382.1	Coniochaetales sp.
PZ691395.1	Mortierellaceae sp.
PZ691405.1	[Lecythophora] canina
PZ691433.1	Coniochaeta sp.
PZ691435.1	Mortierellaceae sp.
PZ691459.1	Mortierellaceae sp.
PZ691471.1	Coniochaetales sp.
PZ691480.1	Coniochaeta ligniaria
PZ691493.1	Mortierellaceae sp.
PZ691499.1	Mortierellaceae sp.
PZ691520.1	Mortierella sp.
PZ691525.1	Podila humilis
PZ691552.1	Mortierellaceae sp.
PZ691561.1	uncultured Lecythophora
PZ691576.1	uncultured Lecythophora
PZ691586.1	Linnemannia hyalina
PZ691594.1	Mortierella sp.
PZ691603.1	[Lecythophora] canina
PZ691606.1	Coniochaeta ligniaria
PZ691629.1	Coniochaeta sp.
PZ691658.1	Mortierella sp.
PZ691671.1	Coniochaetaceae sp.
PZ691675.1	Linnemannia amoeboidea
PZ691691.1	Microbotryomycetes sp.
PZ691698.1	Coniochaeta velutina
PZ691725.1	Mortierella sp.
PZ691791.1	Mortierella sp.
PZ691828.1	Microbotryomycetes sp.
PZ691832.1	uncultured Lecythophora
PZ691835.1	Udeniozyma ferulica
PZ691845.1	Coniochaeta cateniformis
PZ691862.1	Linnemannia sp.
PZ691916.1	Mortierella sp.
PZ691972.1	Coniochaeta sp.
PZ691992.1	Mortierella sp.
PZ692015.1	uncultured Udeniozyma
PZ692031.1	uncultured Lecythophora
PZ692081.1	Udeniozyma ferulica
PZ692090.1	Mortierella sp.
PZ692092.1	Rhodotorula sp.
PZ692129.1	uncultured Udeniozyma
PZ692139.1	Coniochaetaceae sp.
PZ692144.1	Microbotryomycetes sp.
PZ695130.1	Aureobasidium pullulans
PZ695150.1	Rhodotorula babjevae
PZ715734.1	Rhodotorula mucilaginosa
PZ715735.1	Rhodotorula mucilaginosa
PZ715736.1	Rhodotorula mucilaginosa
PZ716313.1	Aureobasidium sp.
PZ716316.1	Aureobasidium melanogenum
PZ716320.1	Aureobasidium proteae
PZ716324.1	Sporobolomyces roseus
PZ716331.1	Aureobasidium sp.
PZ716334.1	Sporobolomyces roseus
PZ716337.1	Coniochaeta sp.
PZ716338.1	Coniochaeta sp.
PZ729944.1	Aureobasidium lini
PZ734645.1	Aureobasidium pullulans
PZ736900.1	Fellozyma sp.
PZ738151.1	Ciborinia camelliae
PZ738711.1	Mortierella sp.
PZ741729.1	Sclerotinia sclerotiorum
PZ742338.1	Botrytis cinerea
PZ742346.1	Sclerotinia sclerotiorum
PZ744898.1	Periconia circinata
PZ744899.1	Periconia circinata
PZ744900.1	Periconia macrospinosa
PZ744901.1	Periconia macrospinosa
PZ744902.1	Periconia macrospinosa
PZ744903.1	Periconia macrospinosa
PZ744904.1	Periconia macrospinosa
PZ744905.1	Periconia macrospinosa
PZ744906.1	Periconia macrospinosa
PZ744907.1	Periconia macrospinosa
PZ744908.1	Periconia macrospinosa
PZ744909.1	Periconia macrospinosa
PZ744910.1	Periconia macrospinosa
PZ744911.1	Periconia macrospinosa
PZ744912.1	Periconia macrospinosa
PZ744913.1	Periconia neomacrospinosa
PZ744914.1	Periconia macrospinosa
PZ744915.1	Periconia neomacrospinosa
PZ744916.1	Periconia neomacrospinosa
PZ744917.1	Periconia macrospinosa
PZ744918.1	Periconia macrospinosa
PZ744919.1	Periconia neomacrospinosa
PZ744920.1	Periconia fueloephazae
PZ744921.1	Periconia fueloephazae
PZ745140.1	Kirschsteiniothelia sp. T82386-1
PZ745335.1	Rhodotorula mucilaginosa
PZ745917.1	Didymella maydis
PZ745918.1	Didymella maydis
PZ745919.1	Didymella maydis
PZ745920.1	Didymella maydis
PZ745922.1	Epicoccum sp.
PZ747051.1	Monilinia fructicola
PZ747052.1	Monilinia fructicola
PZ756648.1	Monilinia fructicola
PZ756649.1	Monilinia fructicola
PZ756650.1	Monilinia fructicola
PZ756795.1	Aureobasidium pullulans
PZ756796.1	Aureobasidium pullulans
PZ756798.1	Aureobasidium pullulans
PZ756799.1	Aureobasidium pullulans
PZ756800.1	Aureobasidium pullulans
PZ756801.1	Aureobasidium pullulans
PZ756804.1	Botrytis cinerea
PZ756805.1	Botrytis cinerea
PZ764065.1	Sclerotinia sclerotiorum
PZ766229.1	Epicoccum sp.
PZ770545.1	Juxtiphoma eupyrena
PZ770546.1	Linnemannia elongata
PZ770547.1	Mortierella alpina
PZ774987.1	Botrytis cinerea
PZ777223.1	Rhodotorula mucilaginosa
PZ779685.1	Nothophoma brennandiae
PZ779686.1	Nothophoma brennandiae
PZ779687.1	Nothophoma brennandiae
PZ779689.1	Nothophoma brennandiae
PZ779821.1	Epicoccum nigrum
PZ779834.1	Boeremia exigua
PZ779836.1	Cladosporium sp.
PZ779837.1	Cladosporium sp.
PZ779838.1	Cladosporium sp.
PZ779839.1	Cladosporium sp.
PZ779840.1	Cladosporium sp.
PZ779841.1	Cladosporium sp.
PZ779842.1	Cladosporium sp.
PZ779843.1	Cladosporium sp.
PZ779844.1	Cladosporium sp.
PZ779845.1	Didymella exigua
PZ779846.1	Didymella exigua
PZ779847.1	Didymella exigua
PZ779848.1	Didymella exigua
PZ779849.1	Didymella exigua
PZ779985.1	Neodidymelliopsis sp.
PZ780068.1	Curvularia lunata
PZ780163.1	Botryosphaeria sp.
PZ780164.1	Botryosphaeria sp.
PZ780165.1	Botryosphaeria sp.
PZ780178.1	Botryosphaeria sp.
PZ780179.1	Botryosphaeria sp.
PZ780180.1	Botryosphaeria sp.
PZ780856.1	Epicoccum sorghinum
PZ783594.1	Exserohilum rostratum
PZ783935.1	Scolecobasidium musae
PZ785095.1	Sporobolomyces johnsonii
