ASV_2d66fd30_rel10.2	REF_mimosaeisolate_PQ811698.1	92.593	297	94	1.09e-119	418
ASV_2d66fd30_rel10.2	REF_mimosaeURM_NR_202597.1	92.593	297	94	1.09e-119	418
ASV_2d66fd30_rel10.2	REF_caulivorumisolate_PX215345.1	91.083	314	100	1.41e-118	414
ASV_2d66fd30_rel10.2	REF_sp.CA01_PV650201.1	90.159	315	100	1.42e-113	398
ASV_2d66fd30_rel10.2	REF_mahoniaeisolate_PZ444466.1	90.159	315	100	1.42e-113	398
ASV_2d66fd30_rel10.2	REF_pullulansisolate_PZ661520.1	90.127	314	100	5.12e-113	396
ASV_2d66fd30_rel10.2	REF_frostiaestrain_PZ336258.1	90.127	314	100	5.12e-113	396
ASV_2d66fd30_rel10.2	REF_gimbutasiaestrain_PZ336259.1	90.127	314	100	5.12e-113	396
ASV_2d66fd30_rel10.2	REF_zhengzhenxiangiaestrain_PZ336262.1	90.127	314	100	5.12e-113	396
ASV_2d66fd30_rel10.2	REF_sp.isolate_PZ444425.1	89.809	314	100	6.62e-112	392
ASV_2d66fd30_rel10.2	REF_melanogenumstrain_MH854707.1	89.490	314	100	3.99e-109	383
ASV_2d66fd30_rel10.2	REF_australiensisITS_NR_156527.1	88.450	329	100	1.43e-108	381
ASV_2d66fd30_rel10.2	REF_australiensisstrain_MH863414.1	88.450	329	100	1.43e-108	381
ASV_2d66fd30_rel10.2	REF_pullulansisolate_PP844344.1	89.206	315	100	5.16e-108	379
ASV_2d66fd30_rel10.2	REF_pullulansisolate_PP844347.1	89.206	315	100	5.16e-108	379
ASV_2d66fd30_rel10.2	REF_sp.isolate_PP844377.1	89.836	305	97	5.16e-108	379
ASV_2d66fd30_rel10.2	REF_sp.isolate_PP844398.1	89.836	305	97	5.16e-108	379
ASV_2d66fd30_rel10.2	REF_pullulansisolate_PZ690102.1	89.206	315	100	5.16e-108	379
ASV_2d66fd30_rel10.2	REF_pullulansstrain_PZ734645.1	89.206	315	100	5.16e-108	379
ASV_2d66fd30_rel10.2	REF_pullulansstrain_PZ756798.1	89.206	315	100	5.16e-108	379
