ASV_c154b836_rel2.1	REF_cinereaisolate_PZ626198.1	100.000	293	100	4.97e-157	542
ASV_c154b836_rel2.1	REF_cinereaisolate_PZ675420.1	100.000	293	100	4.97e-157	542
ASV_c154b836_rel2.1	REF_cinereaisolate_PZ683305.1	100.000	293	100	4.97e-157	542
ASV_c154b836_rel2.1	REF_cinereaisolate_PZ742338.1	100.000	293	100	4.97e-157	542
ASV_c154b836_rel2.1	REF_cinereastrain_PZ756804.1	100.000	293	100	4.97e-157	542
ASV_c154b836_rel2.1	REF_cinereaisolate_PZ774987.1	100.000	293	100	4.97e-157	542
ASV_c154b836_rel2.1	REF_cinereastrain_PZ481167.1	100.000	293	100	4.97e-157	542
ASV_c154b836_rel2.1	REF_cinereastrain_PZ481168.1	100.000	293	100	4.97e-157	542
ASV_c154b836_rel2.1	REF_cinereastrain_PZ481169.1	100.000	293	100	4.97e-157	542
ASV_c154b836_rel2.1	REF_cinereastrain_PZ481170.1	100.000	293	100	4.97e-157	542
ASV_c154b836_rel2.1	REF_cinereastrain_PZ481171.1	100.000	293	100	4.97e-157	542
ASV_c154b836_rel2.1	REF_cinereastrain_MH860108.1	100.000	293	100	4.97e-157	542
ASV_c154b836_rel2.1	REF_cinereaculture_MH871883.1	100.000	293	100	4.97e-157	542
ASV_c154b836_rel2.1	REF_cinereastrain_PZ756805.1	100.000	292	99	1.79e-156	540
ASV_c154b836_rel2.1	REF_ranunculistrain_MH858258.1	99.659	293	100	2.31e-155	536
ASV_c154b836_rel2.1	REF_ranunculiculture_MH869860.1	99.659	293	100	2.31e-155	536
ASV_c154b836_rel2.1	REF_porristrain_MH854885.1	99.317	293	100	1.08e-153	531
ASV_c154b836_rel2.1	REF_porriculture_MH866378.1	99.317	293	100	1.08e-153	531
ASV_c154b836_rel2.1	REF_camelliaeisolate_PZ738151.1	98.976	293	100	5.01e-152	525
ASV_c154b836_rel2.1	REF_sclerotiorumisolate_PZ742346.1	98.976	293	100	1.80e-151	523
