ASV_ID_md5	neighbourhood	rank	max_group_rel_pct	length_bp
0a2b65291cea554db674c875fe39cc46	Didymellaceae	family	0.96	302
3257692ad60e1ad7cec93f28418cf868	Didymellaceae	family	0.57	302
89fc352d3d10d6124dee3630f3d1aea4	Didymellaceae	family	1.46	302
95f22b730e4b11e943c8d0392c16ca5b	Didymellaceae	family	18.08	302
a8b4345a25b75cc2860966be8b2e443f	Didymellaceae	family	7.05	303
bf565f1093c2700bb22337f286290374	Didymellaceae	family	1.64	302
cee4bd47f75d83ba27324bfbda49535f	Didymellaceae	family	0.64	302
e0bfdf36f21db180c509a7331bc74da9	Didymellaceae	family	0.55	303
fe25c6155d741e4291b15e1789c3ef7f	Didymellaceae	family	0.75	303
11f42980201f783cb754c29300cabf49	Ascomycota	phylum	1.61	296
16507e25d999abc59217324eaa106635	Ascomycota	phylum	1.47	298
8ab48c8f852fef0e6928f91754994a7f	Ascomycota	phylum	1.29	297
1686839a5f7532d0243df46a71378e5a	Microbotryomycetes	class	2.99	362
183e70fc9be70e72a213a32d9fefb8ad	Microbotryomycetes	class	9.53	362
92c16f1b555f00f1e1ac0107f8b33054	Microbotryomycetes	class	0.91	362
5f1ce53073ac014accfd2abf5300522f	Mortierellaceae	family	0.95	395
b4a4813126cda1b7d16a9434f3646868	Mortierellaceae	family	1.78	395
f19ce87c1f21bfaae419201cf98adb33	Mortierellaceae	family	0.81	395
6edfc1f5a69d3c876704e7880f582e51	Dothideomycetes	class	31.42	296
9af7b54cef685acafafef214b4b25026	Dothideomycetes	class	2.42	296
dde6e8a185c244de2e8701e44b7e48c6	Dothideomycetes	class	0.78	296
1774d1f9954ffa33a08287146def7915	Coniochaetales	order	0.58	308
d045f091795abd348db21564f4b9d0d5	Coniochaetales	order	0.70	305
3a5c208339521bc6935df44090b3f33f	Dothideaceae	family	23.68	310
abea193ff5c754820ffc7fde03f3b63c	Dothideaceae	family	6.36	310
117a170de6384113d3f9dc358c787433	UNASSIGNED	none	1.81	366
2d66fd30bebe94bf0ef90199c2add207	Saccotheciaceae	family	10.19	313
c154b8360e269fd36cfa54cb37cacf39	Sclerotiniaceae	family	2.06	293
