11f42980201f783cb754c29300cabf49	KY935000	97.651	298	100	1.90e-139	510	Uncultured eukaryote clone HMPStoolITS2OTU516 5.8S ribosomal RNA gene, partial sequence; internal transcribed spacer 2, complete sequence; and large subunit ribosomal RNA gene, partial sequence
11f42980201f783cb754c29300cabf49	PZ665852	97.643	297	100	6.84e-139	508	Uncultured fungus isolate Fun_739 5.8S ribosomal RNA gene, partial sequence; internal transcribed spacer 2, complete sequence; and large subunit ribosomal RNA gene, partial sequence
11f42980201f783cb754c29300cabf49	PZ690200	97.324	299	100	8.85e-138	505	Diplodia sp. isolate OTU1057 5.8S ribosomal RNA gene, partial sequence; internal transcribed spacer 2, complete sequence; and large subunit ribosomal RNA gene, partial sequence
11f42980201f783cb754c29300cabf49	PZ665858	97.306	297	100	3.18e-137	503	Uncultured fungus isolate Fun_745 5.8S ribosomal RNA gene, partial sequence; internal transcribed spacer 2, complete sequence; and large subunit ribosomal RNA gene, partial sequence
11f42980201f783cb754c29300cabf49	PZ690447	96.980	298	100	4.12e-136	499	Dothideomycetes sp. isolate OTU1058 5.8S ribosomal RNA gene, partial sequence; internal transcribed spacer 2, complete sequence; and large subunit ribosomal RNA gene, partial sequence
11f42980201f783cb754c29300cabf49	PZ665759	96.970	297	100	1.48e-135	497	Uncultured fungus isolate Fun_604 5.8S ribosomal RNA gene, partial sequence; internal transcribed spacer 2, complete sequence; and large subunit ribosomal RNA gene, partial sequence
11f42980201f783cb754c29300cabf49	MK019008	97.279	294	98	5.33e-135	496	Diplodia sp. isolate OTU1247 5.8S ribosomal RNA gene, partial sequence; internal transcribed spacer 2, complete sequence; and large subunit ribosomal RNA gene, partial sequence
11f42980201f783cb754c29300cabf49	PZ665953	95.960	297	100	1.49e-130	481	Uncultured fungus isolate Fun_890 5.8S ribosomal RNA gene, partial sequence; internal transcribed spacer 2, complete sequence; and large subunit ribosomal RNA gene, partial sequence
11f42980201f783cb754c29300cabf49	PZ665767	95.302	298	100	8.98e-128	472	Uncultured fungus isolate Fun_618 5.8S ribosomal RNA gene, partial sequence; internal transcribed spacer 2, complete sequence; and large subunit ribosomal RNA gene, partial sequence
11f42980201f783cb754c29300cabf49	KP897374	95.890	292	98	3.23e-127	470	Uncultured fungus clone 2168_234 5.8S ribosomal RNA gene, partial sequence; internal transcribed spacer 2, complete sequence; and large subunit ribosomal RNA gene, partial sequence
16507e25d999abc59217324eaa106635	PZ740388	100.000	298	100	1.13e-151	551	Fusarium sp. isolate BA047 internal transcribed spacer 1, partial sequence; 5.8S ribosomal RNA gene and internal transcribed spacer 2, complete sequence; and large subunit ribosomal RNA gene, partial sequence
16507e25d999abc59217324eaa106635	PZ715262	100.000	298	100	1.13e-151	551	Fusarium sp. isolate BP12e small subunit ribosomal RNA gene, partial sequence; internal transcribed spacer 1, 5.8S ribosomal RNA gene, and internal transcribed spacer 2, complete sequence; and large subunit ribosomal RNA gene, partial sequence
16507e25d999abc59217324eaa106635	PZ715183	100.000	298	100	1.13e-151	551	Fusarium equiseti isolate SR small subunit ribosomal RNA gene, partial sequence; internal transcribed spacer 1, 5.8S ribosomal RNA gene, and internal transcribed spacer 2, complete sequence; and large subunit ribosomal RNA gene, partial sequence
16507e25d999abc59217324eaa106635	PZ706503	100.000	298	100	1.13e-151	551	Fusarium equiseti isolate LP3 internal transcribed spacer 1, partial sequence; 5.8S ribosomal RNA gene and internal transcribed spacer 2, complete sequence; and large subunit ribosomal RNA gene, partial sequence
16507e25d999abc59217324eaa106635	PZ687512	100.000	298	100	1.13e-151	551	Fusarium chlamydosporum isolate MPFC01 internal transcribed spacer 1, partial sequence; 5.8S ribosomal RNA gene and internal transcribed spacer 2, complete sequence; and large subunit ribosomal RNA gene, partial sequence
16507e25d999abc59217324eaa106635	PZ673698	100.000	298	100	1.13e-151	551	Fusarium incarnatum isolate YB-ND-F3 small subunit ribosomal RNA gene, partial sequence; internal transcribed spacer 1, 5.8S ribosomal RNA gene, and internal transcribed spacer 2, complete sequence; and large subunit ribosomal RNA gene, partial sequence
16507e25d999abc59217324eaa106635	PZ671484	100.000	298	100	1.13e-151	551	Fusarium weifangense isolate GUCC 26-0916 internal transcribed spacer 1, partial sequence; 5.8S ribosomal RNA gene and internal transcribed spacer 2, complete sequence; and large subunit ribosomal RNA gene, partial sequence
16507e25d999abc59217324eaa106635	PZ671483	100.000	298	100	1.13e-151	551	Fusarium weifangense isolate GUCC 26-0915 internal transcribed spacer 1, partial sequence; 5.8S ribosomal RNA gene and internal transcribed spacer 2, complete sequence; and large subunit ribosomal RNA gene, partial sequence
16507e25d999abc59217324eaa106635	PZ671482	100.000	298	100	1.13e-151	551	Fusarium weifangense isolate GUCC 26-0914 internal transcribed spacer 1, partial sequence; 5.8S ribosomal RNA gene and internal transcribed spacer 2, complete sequence; and large subunit ribosomal RNA gene, partial sequence
16507e25d999abc59217324eaa106635	PZ671478	100.000	298	100	1.13e-151	551	Fusarium puerense isolate GUCC 26-0919 internal transcribed spacer 1, partial sequence; 5.8S ribosomal RNA gene and internal transcribed spacer 2, complete sequence; and large subunit ribosomal RNA gene, partial sequence
8ab48c8f852fef0e6928f91754994a7f	FR682170	91.973	299	100	1.19e-111	418	Uncultured Ascomycota genomic DNA containing 18S rRNA gene, ITS1, 5.8S rRNA gene, ITS2, 28S rRNA gene, clone BF-OTU427
8ab48c8f852fef0e6928f91754994a7f	PZ690365	91.611	298	100	1.99e-109	411	Botryosphaeriales sp. isolate OTU360 5.8S ribosomal RNA gene, partial sequence; internal transcribed spacer 2, complete sequence; and large subunit ribosomal RNA gene, partial sequence
8ab48c8f852fef0e6928f91754994a7f	KF800302	91.275	298	100	9.27e-108	405	Uncultured fungus clone CMH211 18S ribosomal RNA gene, partial sequence; internal transcribed spacer 1, 5.8S ribosomal RNA gene, and internal transcribed spacer 2, complete sequence; and 28S ribosomal RNA gene, partial sequence
8ab48c8f852fef0e6928f91754994a7f	MG827873	91.409	291	98	1.55e-105	398	Uncultured fungus clone 2185_490 5.8S ribosomal RNA gene, partial sequence; internal transcribed spacer 2, complete sequence; and large subunit ribosomal RNA gene, partial sequence
8ab48c8f852fef0e6928f91754994a7f	PZ665908	90.164	305	100	9.34e-103	388	Uncultured fungus isolate Fun_819 5.8S ribosomal RNA gene, partial sequence; internal transcribed spacer 2, complete sequence; and large subunit ribosomal RNA gene, partial sequence
8ab48c8f852fef0e6928f91754994a7f	PZ689876	90.333	300	100	3.36e-102	387	Ascomycota sp. isolate OTU1224 5.8S ribosomal RNA gene, partial sequence; internal transcribed spacer 2, complete sequence; and large subunit ribosomal RNA gene, partial sequence
8ab48c8f852fef0e6928f91754994a7f	PZ665899	90.397	302	100	1.21e-101	385	Uncultured fungus isolate Fun_806 5.8S ribosomal RNA gene, partial sequence; internal transcribed spacer 2, complete sequence; and large subunit ribosomal RNA gene, partial sequence
8ab48c8f852fef0e6928f91754994a7f	MF976007	90.000	300	100	4.34e-101	383	Uncultured fungus clone OTU_F85_R211 small subunit ribosomal RNA gene, partial sequence; internal transcribed spacer 1, 5.8S ribosomal RNA gene, and internal transcribed spacer 2, complete sequence; and large subunit ribosomal RNA gene, partial sequence
8ab48c8f852fef0e6928f91754994a7f	PZ665879	89.836	305	100	4.34e-101	383	Uncultured fungus isolate Fun_772 5.8S ribosomal RNA gene, partial sequence; internal transcribed spacer 2, complete sequence; and large subunit ribosomal RNA gene, partial sequence
8ab48c8f852fef0e6928f91754994a7f	PZ665859	90.033	301	100	5.62e-100	379	Uncultured fungus isolate Fun_746 5.8S ribosomal RNA gene, partial sequence; internal transcribed spacer 2, complete sequence; and large subunit ribosomal RNA gene, partial sequence
117a170de6384113d3f9dc358c787433	OM021375	100.000	366	100	0.0	676	Amaranthus dubius voucher UNKAR9532 internal transcribed spacer 1, partial sequence; 5.8S ribosomal RNA gene and internal transcribed spacer 2, complete sequence; and large subunit ribosomal RNA gene, partial sequence
117a170de6384113d3f9dc358c787433	OM021367	100.000	366	100	0.0	676	Amaranthus cruentus voucher UNKAR8040 internal transcribed spacer 1, partial sequence; 5.8S ribosomal RNA gene and internal transcribed spacer 2, complete sequence; and large subunit ribosomal RNA gene, partial sequence
117a170de6384113d3f9dc358c787433	OM021358	100.000	366	100	0.0	676	Amaranthus caudatus voucher UNKAR9408 internal transcribed spacer 1, partial sequence; 5.8S ribosomal RNA gene and internal transcribed spacer 2, complete sequence; and large subunit ribosomal RNA gene, partial sequence
117a170de6384113d3f9dc358c787433	OM021357	100.000	366	100	0.0	676	Amaranthus caudatus voucher UNKAR8302 internal transcribed spacer 1, partial sequence; 5.8S ribosomal RNA gene and internal transcribed spacer 2, complete sequence; and large subunit ribosomal RNA gene, partial sequence
117a170de6384113d3f9dc358c787433	OM021356	100.000	366	100	0.0	676	Amaranthus caudatus voucher UNKAR8301 internal transcribed spacer 1, partial sequence; 5.8S ribosomal RNA gene and internal transcribed spacer 2, complete sequence; and large subunit ribosomal RNA gene, partial sequence
117a170de6384113d3f9dc358c787433	OM021355	100.000	366	100	0.0	676	Amaranthus caudatus voucher UNKAR8300 internal transcribed spacer 1, partial sequence; 5.8S ribosomal RNA gene and internal transcribed spacer 2, complete sequence; and large subunit ribosomal RNA gene, partial sequence
117a170de6384113d3f9dc358c787433	OM021354	100.000	366	100	0.0	676	Amaranthus caudatus voucher UNKAR9425 internal transcribed spacer 1, partial sequence; 5.8S ribosomal RNA gene and internal transcribed spacer 2, complete sequence; and large subunit ribosomal RNA gene, partial sequence
117a170de6384113d3f9dc358c787433	OM021353	100.000	366	100	0.0	676	Amaranthus caudatus voucher UNKAR9445 internal transcribed spacer 1, partial sequence; 5.8S ribosomal RNA gene and internal transcribed spacer 2, complete sequence; and large subunit ribosomal RNA gene, partial sequence
117a170de6384113d3f9dc358c787433	OM021352	100.000	366	100	0.0	676	Amaranthus caudatus voucher UNKAR9442 internal transcribed spacer 1, partial sequence; 5.8S ribosomal RNA gene and internal transcribed spacer 2, complete sequence; and large subunit ribosomal RNA gene, partial sequence
117a170de6384113d3f9dc358c787433	OM021351	100.000	366	100	0.0	676	Amaranthus caudatus voucher UNKAR2496 internal transcribed spacer 1, partial sequence; 5.8S ribosomal RNA gene and internal transcribed spacer 2, complete sequence; and large subunit ribosomal RNA gene, partial sequence
