asv	reads	placed_within_Tremellomycetes
976ad936	278643	yes
9beca850	156355	yes
60479297	8983	yes
263b1aff	3841	yes
6f71c818	3645	yes
b238e7f1	910	yes
2298db48	37	yes
64ed2f20	121713	yes
9e836b53	10534	yes
0ce39a02	58	yes
a624f9a1	5075	yes
041023c3	3369	yes
82f3de1d	506	yes
7a86df1e	909	yes
f1747db1	155	yes
acb3df07	14593	yes
dfd28725	199	yes
78420c10	396	yes
da504603	25	yes
2380d87d	9	yes
f93930c6	3	yes
aebc39bc	29	yes
f8212ac8	16	yes
f3564bc7	4	yes
68a874f6	7	yes
f9d51aca	3	yes
8e80cbb2	38	yes
0505492f	102	yes
d6f84bec	43	yes
9e292f53	13	yes
676c20ba	3	yes
32ff51ed	10	yes
9b494c50	51	yes
ead91cfa	35	yes
e28b6f17	8	yes
76ad754a	3	yes
2141f646	4	yes
010fdafd	4	yes
1b7143e5	19	yes
d4f8e0b2	4	yes
3d4f6cfc	57	yes
5c899001	25	yes
b5e0956c	41	yes
3fe1fce8	13	yes
2026eb02	17	yes
aa120699	2	yes
ffd8286f	13	yes
5052240a	9	yes
c7a038d5	64	yes
ac4a686f	5	yes
09e1f7d7	1	yes
f4dfa3ab	7	yes
23dd8324	5	yes
ac534075	2	no
7f4d64a0	47	yes
83ab6f6d	2	yes
ce993a45	116	yes
98806ac3	256	yes
752b8e2c	125	yes
2dccfee0	16	yes
aad6fb6c	378	yes
a23ce701	18251	yes
da2d6ae3	9993	yes
b4195e23	529	yes
c7badd36	316	yes
defcb0ce	3511	yes
dac38306	2286	yes
e1bc6d43	91	yes
3873ba42	272	yes
1705dbfd	143	yes
d1875b5b	450	yes
